"Batch_ID","Product_ID","Recipe_Rev","Site_ID","Line_ID","Equipment_ID","Start_TS","End_TS","Disposition","Data_Origin","Reference_Eligible"
"SIM-S0001","SIM-OX-02","SIM-R02","SITE-01","LINE-1","MIX-1","2026-08-31T22:00:00Z","2026-08-31T23:20:00Z","RELEASED","SYNTHETIC","true"
"SIM-S0002","SIM-OX-02","SIM-R02","SITE-01","LINE-2","MIX-2","2026-08-31T22:00:00Z","2026-08-31T23:20:00Z","RELEASED","SYNTHETIC","true"
"SIM-S0003","SIM-OX-02","SIM-R02","SITE-01","LINE-3","MIX-3","2026-08-31T22:00:00Z","2026-08-31T23:20:00Z","RELEASED","SYNTHETIC","true"
"SIM-S0004","SIM-OX-02","SIM-R02","SITE-01","LINE-1","MIX-1","2026-08-31T23:30:00Z","2026-09-01T00:50:00Z","RELEASED","SYNTHETIC","true"
"SIM-S0005","SIM-OX-02","SIM-R02","SITE-01","LINE-2","MIX-2","2026-08-31T23:30:00Z","2026-09-01T00:50:00Z","RELEASED","SYNTHETIC","true"
"SIM-S0006","SIM-OX-02","SIM-R02","SITE-01","LINE-3","MIX-3","2026-08-31T23:30:00Z","2026-09-01T00:50:00Z","RELEASED","SYNTHETIC","true"
"SIM-S0007","SIM-OX-02","SIM-R02","SITE-01","LINE-1","MIX-1","2026-09-01T01:00:00Z","2026-09-01T02:20:00Z","RELEASED","SYNTHETIC","true"
"SIM-S0008","SIM-OX-02","SIM-R02","SITE-01","LINE-2","MIX-2","2026-09-01T01:00:00Z","2026-09-01T02:20:00Z","RELEASED","SYNTHETIC","true"
"SIM-S0009","SIM-OX-02","SIM-R02","SITE-01","LINE-3","MIX-3","2026-09-01T01:00:00Z","2026-09-01T02:20:00Z","RELEASED","SYNTHETIC","true"
"SIM-S0010","SIM-OX-02","SIM-R02","SITE-01","LINE-1","MIX-1","2026-09-01T02:30:00Z","2026-09-01T03:50:00Z","RELEASED","SYNTHETIC","true"
"SIM-S0011","SIM-OX-02","SIM-R02","SITE-01","LINE-2","MIX-2","2026-09-01T02:30:00Z","2026-09-01T03:50:00Z","RELEASED","SYNTHETIC","true"
"SIM-S0012","SIM-OX-02","SIM-R02","SITE-01","LINE-3","MIX-3","2026-09-01T02:30:00Z","2026-09-01T03:50:00Z","RELEASED","SYNTHETIC","true"
"SIM-S0013","SIM-OX-02","SIM-R02","SITE-01","LINE-1","MIX-1","2026-09-01T04:00:00Z","2026-09-01T05:20:00Z","RELEASED","SYNTHETIC","true"
"SIM-S0014","SIM-OX-02","SIM-R02","SITE-01","LINE-2","MIX-2","2026-09-01T04:00:00Z","2026-09-01T05:20:00Z","RELEASED","SYNTHETIC","true"
"SIM-S0015","SIM-OX-02","SIM-R02","SITE-01","LINE-3","MIX-3","2026-09-01T04:00:00Z","2026-09-01T05:20:00Z","RELEASED","SYNTHETIC","true"
"SIM-S0016","SIM-OX-02","SIM-R02","SITE-01","LINE-1","MIX-1","2026-09-01T05:30:00Z","2026-09-01T06:50:00Z","RELEASED","SYNTHETIC","true"
"SIM-S0017","SIM-OX-02","SIM-R02","SITE-01","LINE-2","MIX-2","2026-09-01T05:30:00Z","2026-09-01T06:50:00Z","RELEASED","SYNTHETIC","true"
"SIM-S0018","SIM-OX-02","SIM-R02","SITE-01","LINE-3","MIX-3","2026-09-01T05:30:00Z","2026-09-01T06:50:00Z","RELEASED","SYNTHETIC","true"
"SIM-S0019","SIM-OX-02","SIM-R02","SITE-01","LINE-1","MIX-1","2026-09-01T07:00:00Z","2026-09-01T08:20:00Z","RELEASED","SYNTHETIC","true"
"SIM-S0020","SIM-OX-02","SIM-R02","SITE-01","LINE-2","MIX-2","2026-09-01T07:00:00Z","2026-09-01T08:20:00Z","RELEASED","SYNTHETIC","true"
"SIM-S0021","SIM-OX-02","SIM-R02","SITE-01","LINE-3","MIX-3","2026-09-01T07:00:00Z","2026-09-01T08:20:00Z","RELEASED","SYNTHETIC","true"
"SIM-S0022","SIM-OX-02","SIM-R02","SITE-01","LINE-1","MIX-1","2026-09-01T08:30:00Z","2026-09-01T09:50:00Z","RELEASED","SYNTHETIC","true"
"SIM-S0023","SIM-OX-02","SIM-R02","SITE-01","LINE-2","MIX-2","2026-09-01T08:30:00Z","2026-09-01T09:50:00Z","RELEASED","SYNTHETIC","true"
"SIM-S0024","SIM-OX-02","SIM-R02","SITE-01","LINE-3","MIX-3","2026-09-01T08:30:00Z","2026-09-01T09:50:00Z","RELEASED","SYNTHETIC","true"
"SIM-S0025","SIM-OX-02","SIM-R02","SITE-01","LINE-1","MIX-1","2026-09-01T10:00:00Z","2026-09-01T11:20:00Z","RELEASED","SYNTHETIC","true"
"SIM-S0026","SIM-OX-02","SIM-R02","SITE-01","LINE-2","MIX-2","2026-09-01T10:00:00Z","2026-09-01T11:20:00Z","RELEASED","SYNTHETIC","true"
"SIM-S0027","SIM-OX-02","SIM-R02","SITE-01","LINE-3","MIX-3","2026-09-01T10:00:00Z","2026-09-01T11:20:00Z","RELEASED","SYNTHETIC","true"
"SIM-S0028","SIM-OX-02","SIM-R02","SITE-01","LINE-1","MIX-1","2026-09-01T11:30:00Z","2026-09-01T12:50:00Z","RELEASED","SYNTHETIC","true"
"SIM-S0029","SIM-OX-02","SIM-R02","SITE-01","LINE-2","MIX-2","2026-09-01T11:30:00Z","2026-09-01T12:50:00Z","RELEASED","SYNTHETIC","true"
"SIM-S0030","SIM-OX-02","SIM-R02","SITE-01","LINE-3","MIX-3","2026-09-01T11:30:00Z","2026-09-01T12:50:00Z","RELEASED","SYNTHETIC","true"
"SIM-S0031","SIM-OX-02","SIM-R02","SITE-01","LINE-1","MIX-1","2026-09-01T13:00:00Z","2026-09-01T14:20:00Z","RELEASED","SYNTHETIC","true"
"SIM-S0032","SIM-OX-02","SIM-R02","SITE-01","LINE-2","MIX-2","2026-09-01T13:00:00Z","2026-09-01T14:20:00Z","RELEASED","SYNTHETIC","true"
"SIM-S0033","SIM-OX-02","SIM-R02","SITE-01","LINE-3","MIX-3","2026-09-01T13:00:00Z","2026-09-01T14:20:00Z","RELEASED","SYNTHETIC","true"
"SIM-S0034","SIM-OX-02","SIM-R02","SITE-01","LINE-1","MIX-1","2026-09-01T14:30:00Z","2026-09-01T15:50:00Z","RELEASED","SYNTHETIC","true"
"SIM-S0035","SIM-OX-02","SIM-R02","SITE-01","LINE-2","MIX-2","2026-09-01T14:30:00Z","2026-09-01T15:50:00Z","RELEASED","SYNTHETIC","true"
"SIM-S0036","SIM-OX-02","SIM-R02","SITE-01","LINE-3","MIX-3","2026-09-01T14:30:00Z","2026-09-01T15:50:00Z","RELEASED","SYNTHETIC","true"
"SIM-S0037","SIM-OX-02","SIM-R02","SITE-01","LINE-1","MIX-1","2026-09-01T16:00:00Z","2026-09-01T17:20:00Z","RELEASED","SYNTHETIC","true"
"SIM-S0038","SIM-OX-02","SIM-R02","SITE-01","LINE-2","MIX-2","2026-09-01T16:00:00Z","2026-09-01T17:20:00Z","RELEASED","SYNTHETIC","true"
"SIM-S0039","SIM-OX-02","SIM-R02","SITE-01","LINE-3","MIX-3","2026-09-01T16:00:00Z","2026-09-01T17:20:00Z","RELEASED","SYNTHETIC","true"
"SIM-S0040","SIM-OX-02","SIM-R02","SITE-01","LINE-1","MIX-1","2026-09-01T17:30:00Z","2026-09-01T18:50:00Z","RELEASED","SYNTHETIC","true"
"SIM-S0041","SIM-OX-02","SIM-R02","SITE-01","LINE-2","MIX-2","2026-09-01T17:30:00Z","2026-09-01T18:50:00Z","RELEASED","SYNTHETIC","true"
"SIM-S0042","SIM-OX-02","SIM-R02","SITE-01","LINE-3","MIX-3","2026-09-01T17:30:00Z","2026-09-01T18:50:00Z","RELEASED","SYNTHETIC","true"
"SIM-S0043","SIM-OX-02","SIM-R02","SITE-01","LINE-1","MIX-1","2026-09-01T19:00:00Z","2026-09-01T20:20:00Z","RELEASED","SYNTHETIC","true"
"SIM-S0044","SIM-OX-02","SIM-R02","SITE-01","LINE-2","MIX-2","2026-09-01T19:00:00Z","2026-09-01T20:20:00Z","RELEASED","SYNTHETIC","true"
"SIM-S0045","SIM-OX-02","SIM-R02","SITE-01","LINE-3","MIX-3","2026-09-01T19:00:00Z","2026-09-01T20:20:00Z","RELEASED","SYNTHETIC","true"
"SIM-S0046","SIM-OX-02","SIM-R02","SITE-01","LINE-1","MIX-1","2026-09-01T20:30:00Z","2026-09-01T21:50:00Z","RELEASED","SYNTHETIC","true"
"SIM-S0047","SIM-OX-02","SIM-R02","SITE-01","LINE-2","MIX-2","2026-09-01T20:30:00Z","2026-09-01T21:50:00Z","RELEASED","SYNTHETIC","true"
"SIM-S0048","SIM-OX-02","SIM-R02","SITE-01","LINE-3","MIX-3","2026-09-01T20:30:00Z","2026-09-01T21:50:00Z","RELEASED","SYNTHETIC","true"
"SIM-S0049","SIM-OX-02","SIM-R02","SITE-01","LINE-1","MIX-1","2026-09-01T22:00:00Z","2026-09-01T23:20:00Z","RELEASED","SYNTHETIC","true"
"SIM-S0050","SIM-OX-02","SIM-R02","SITE-01","LINE-2","MIX-2","2026-09-01T22:00:00Z","2026-09-01T23:20:00Z","RELEASED","SYNTHETIC","true"
"SIM-S0051","SIM-OX-02","SIM-R02","SITE-01","LINE-3","MIX-3","2026-09-01T22:00:00Z","2026-09-01T23:20:00Z","RELEASED","SYNTHETIC","true"
"SIM-S0052","SIM-OX-02","SIM-R02","SITE-01","LINE-1","MIX-1","2026-09-01T23:30:00Z","2026-09-02T00:50:00Z","RELEASED","SYNTHETIC","true"
"SIM-S0053","SIM-OX-02","SIM-R02","SITE-01","LINE-2","MIX-2","2026-09-01T23:30:00Z","2026-09-02T00:50:00Z","RELEASED","SYNTHETIC","true"
"SIM-S0054","SIM-OX-02","SIM-R02","SITE-01","LINE-3","MIX-3","2026-09-01T23:30:00Z","2026-09-02T00:50:00Z","RELEASED","SYNTHETIC","true"
"SIM-S0055","SIM-OX-02","SIM-R02","SITE-01","LINE-1","MIX-1","2026-09-02T01:00:00Z","2026-09-02T02:20:00Z","RELEASED","SYNTHETIC","true"
"SIM-S0056","SIM-OX-02","SIM-R02","SITE-01","LINE-2","MIX-2","2026-09-02T01:00:00Z","2026-09-02T02:20:00Z","RELEASED","SYNTHETIC","true"
"SIM-S0057","SIM-OX-02","SIM-R02","SITE-01","LINE-3","MIX-3","2026-09-02T01:00:00Z","2026-09-02T02:20:00Z","RELEASED","SYNTHETIC","true"
"SIM-S0058","SIM-OX-02","SIM-R02","SITE-01","LINE-1","MIX-1","2026-09-02T02:30:00Z","2026-09-02T03:50:00Z","RELEASED","SYNTHETIC","true"
"SIM-S0059","SIM-OX-02","SIM-R02","SITE-01","LINE-2","MIX-2","2026-09-02T02:30:00Z","2026-09-02T03:50:00Z","RELEASED","SYNTHETIC","true"
"SIM-S0060","SIM-OX-02","SIM-R02","SITE-01","LINE-3","MIX-3","2026-09-02T02:30:00Z","2026-09-02T03:50:00Z","RELEASED","SYNTHETIC","true"
"SIM-S0061","SIM-OX-02","SIM-R02","SITE-01","LINE-1","MIX-1","2026-09-02T04:00:00Z","2026-09-02T05:20:00Z","RELEASED","SYNTHETIC","true"
"SIM-S0062","SIM-OX-02","SIM-R02","SITE-01","LINE-2","MIX-2","2026-09-02T04:00:00Z","2026-09-02T05:20:00Z","RELEASED","SYNTHETIC","true"
"SIM-S0063","SIM-OX-02","SIM-R02","SITE-01","LINE-3","MIX-3","2026-09-02T04:00:00Z","2026-09-02T05:20:00Z","RELEASED","SYNTHETIC","true"
"SIM-S0064","SIM-OX-02","SIM-R02","SITE-01","LINE-1","MIX-1","2026-09-02T05:30:00Z","2026-09-02T06:50:00Z","RELEASED","SYNTHETIC","true"
"SIM-S0065","SIM-OX-02","SIM-R02","SITE-01","LINE-2","MIX-2","2026-09-02T05:30:00Z","2026-09-02T06:50:00Z","RELEASED","SYNTHETIC","true"
"SIM-S0066","SIM-OX-02","SIM-R02","SITE-01","LINE-3","MIX-3","2026-09-02T05:30:00Z","2026-09-02T06:50:00Z","RELEASED","SYNTHETIC","true"
"SIM-S0067","SIM-OX-02","SIM-R02","SITE-01","LINE-1","MIX-1","2026-09-02T07:00:00Z","2026-09-02T08:20:00Z","RELEASED","SYNTHETIC","true"
"SIM-S0068","SIM-OX-02","SIM-R02","SITE-01","LINE-2","MIX-2","2026-09-02T07:00:00Z","2026-09-02T08:20:00Z","RELEASED","SYNTHETIC","true"
"SIM-S0069","SIM-OX-02","SIM-R02","SITE-01","LINE-3","MIX-3","2026-09-02T07:00:00Z","2026-09-02T08:20:00Z","RELEASED","SYNTHETIC","true"
"SIM-S0070","SIM-OX-02","SIM-R02","SITE-01","LINE-1","MIX-1","2026-09-02T08:30:00Z","2026-09-02T09:50:00Z","RELEASED","SYNTHETIC","true"
"SIM-S0071","SIM-OX-02","SIM-R02","SITE-01","LINE-2","MIX-2","2026-09-02T08:30:00Z","2026-09-02T09:50:00Z","RELEASED","SYNTHETIC","true"
"SIM-S0072","SIM-OX-02","SIM-R02","SITE-01","LINE-3","MIX-3","2026-09-02T08:30:00Z","2026-09-02T09:50:00Z","RELEASED","SYNTHETIC","true"
"SIM-S0073","SIM-OX-02","SIM-R02","SITE-01","LINE-1","MIX-1","2026-09-02T10:00:00Z","2026-09-02T11:20:00Z","RELEASED","SYNTHETIC","true"
"SIM-S0074","SIM-OX-02","SIM-R02","SITE-01","LINE-2","MIX-2","2026-09-02T10:00:00Z","2026-09-02T11:20:00Z","RELEASED","SYNTHETIC","true"
"SIM-S0075","SIM-OX-02","SIM-R02","SITE-01","LINE-3","MIX-3","2026-09-02T10:00:00Z","2026-09-02T11:20:00Z","RELEASED","SYNTHETIC","true"
"SIM-S0076","SIM-OX-02","SIM-R02","SITE-01","LINE-1","MIX-1","2026-09-02T11:30:00Z","2026-09-02T12:50:00Z","RELEASED","SYNTHETIC","true"
"SIM-S0077","SIM-OX-02","SIM-R02","SITE-01","LINE-2","MIX-2","2026-09-02T11:30:00Z","2026-09-02T12:50:00Z","RELEASED","SYNTHETIC","true"
"SIM-S0078","SIM-OX-02","SIM-R02","SITE-01","LINE-3","MIX-3","2026-09-02T11:30:00Z","2026-09-02T12:50:00Z","RELEASED","SYNTHETIC","true"
"SIM-S0079","SIM-OX-02","SIM-R02","SITE-01","LINE-1","MIX-1","2026-09-02T13:00:00Z","2026-09-02T14:20:00Z","RELEASED","SYNTHETIC","true"
"SIM-S0080","SIM-OX-02","SIM-R02","SITE-01","LINE-2","MIX-2","2026-09-02T13:00:00Z","2026-09-02T14:20:00Z","RELEASED","SYNTHETIC","true"
"SIM-S0081","SIM-OX-02","SIM-R02","SITE-01","LINE-3","MIX-3","2026-09-02T13:00:00Z","2026-09-02T14:20:00Z","RELEASED","SYNTHETIC","true"
"SIM-S0082","SIM-OX-02","SIM-R02","SITE-01","LINE-1","MIX-1","2026-09-02T14:30:00Z","2026-09-02T15:50:00Z","RELEASED","SYNTHETIC","true"
"SIM-S0083","SIM-OX-02","SIM-R02","SITE-01","LINE-2","MIX-2","2026-09-02T14:30:00Z","2026-09-02T15:50:00Z","RELEASED","SYNTHETIC","true"
"SIM-S0084","SIM-OX-02","SIM-R02","SITE-01","LINE-3","MIX-3","2026-09-02T14:30:00Z","2026-09-02T15:50:00Z","RELEASED","SYNTHETIC","true"
"SIM-S0085","SIM-OX-02","SIM-R02","SITE-01","LINE-1","MIX-1","2026-09-02T16:00:00Z","2026-09-02T17:20:00Z","RELEASED","SYNTHETIC","true"
"SIM-S0086","SIM-OX-02","SIM-R02","SITE-01","LINE-2","MIX-2","2026-09-02T16:00:00Z","2026-09-02T17:20:00Z","RELEASED","SYNTHETIC","true"
"SIM-S0087","SIM-OX-02","SIM-R02","SITE-01","LINE-3","MIX-3","2026-09-02T16:00:00Z","2026-09-02T17:20:00Z","RELEASED","SYNTHETIC","true"
"SIM-S0088","SIM-OX-02","SIM-R02","SITE-01","LINE-1","MIX-1","2026-09-02T17:30:00Z","2026-09-02T18:50:00Z","RELEASED","SYNTHETIC","true"
"SIM-S0089","SIM-OX-02","SIM-R02","SITE-01","LINE-2","MIX-2","2026-09-02T17:30:00Z","2026-09-02T18:50:00Z","RELEASED","SYNTHETIC","true"
"SIM-S0090","SIM-OX-02","SIM-R02","SITE-01","LINE-3","MIX-3","2026-09-02T17:30:00Z","2026-09-02T18:50:00Z","RELEASED","SYNTHETIC","true"
"SIM-S0091","SIM-OX-02","SIM-R02","SITE-01","LINE-1","MIX-1","2026-09-02T19:00:00Z","2026-09-02T20:20:00Z","RELEASED","SYNTHETIC","true"
"SIM-S0092","SIM-OX-02","SIM-R02","SITE-01","LINE-2","MIX-2","2026-09-02T19:00:00Z","2026-09-02T20:20:00Z","RELEASED","SYNTHETIC","true"
"SIM-S0093","SIM-OX-02","SIM-R02","SITE-01","LINE-3","MIX-3","2026-09-02T19:00:00Z","2026-09-02T20:20:00Z","RELEASED","SYNTHETIC","true"
"SIM-S0094","SIM-OX-02","SIM-R02","SITE-01","LINE-1","MIX-1","2026-09-02T20:30:00Z","2026-09-02T21:50:00Z","RELEASED","SYNTHETIC","true"
"SIM-S0095","SIM-OX-02","SIM-R02","SITE-01","LINE-2","MIX-2","2026-09-02T20:30:00Z","2026-09-02T21:50:00Z","RELEASED","SYNTHETIC","true"
"SIM-S0096","SIM-OX-02","SIM-R02","SITE-01","LINE-3","MIX-3","2026-09-02T20:30:00Z","2026-09-02T21:50:00Z","RELEASED","SYNTHETIC","true"
"SIM-S0097","SIM-OX-02","SIM-R02","SITE-01","LINE-1","MIX-1","2026-09-02T22:00:00Z","2026-09-02T23:20:00Z","RELEASED","SYNTHETIC","true"
"SIM-S0098","SIM-OX-02","SIM-R02","SITE-01","LINE-2","MIX-2","2026-09-02T22:00:00Z","2026-09-02T23:20:00Z","RELEASED","SYNTHETIC","true"
"SIM-S0099","SIM-OX-02","SIM-R02","SITE-01","LINE-3","MIX-3","2026-09-02T22:00:00Z","2026-09-02T23:20:00Z","RELEASED","SYNTHETIC","true"
"SIM-S0100","SIM-OX-02","SIM-R02","SITE-01","LINE-1","MIX-1","2026-09-02T23:30:00Z","2026-09-03T00:50:00Z","RELEASED","SYNTHETIC","true"
"SIM-S0101","SIM-OX-02","SIM-R02","SITE-01","LINE-2","MIX-2","2026-09-02T23:30:00Z","2026-09-03T00:50:00Z","RELEASED","SYNTHETIC","true"
"SIM-S0102","SIM-OX-02","SIM-R02","SITE-01","LINE-3","MIX-3","2026-09-02T23:30:00Z","2026-09-03T00:50:00Z","RELEASED","SYNTHETIC","true"
"SIM-S0103","SIM-OX-02","SIM-R02","SITE-01","LINE-1","MIX-1","2026-09-03T01:00:00Z","2026-09-03T02:20:00Z","RELEASED","SYNTHETIC","true"
"SIM-S0104","SIM-OX-02","SIM-R02","SITE-01","LINE-2","MIX-2","2026-09-03T01:00:00Z","2026-09-03T02:20:00Z","RELEASED","SYNTHETIC","true"
"SIM-S0105","SIM-OX-02","SIM-R02","SITE-01","LINE-3","MIX-3","2026-09-03T01:00:00Z","2026-09-03T02:20:00Z","RELEASED","SYNTHETIC","true"
"SIM-S0106","SIM-OX-02","SIM-R02","SITE-01","LINE-1","MIX-1","2026-09-03T02:30:00Z","2026-09-03T03:50:00Z","RELEASED","SYNTHETIC","true"
"SIM-S0107","SIM-OX-02","SIM-R02","SITE-01","LINE-2","MIX-2","2026-09-03T02:30:00Z","2026-09-03T03:50:00Z","RELEASED","SYNTHETIC","true"
"SIM-S0108","SIM-OX-02","SIM-R02","SITE-01","LINE-3","MIX-3","2026-09-03T02:30:00Z","2026-09-03T03:50:00Z","RELEASED","SYNTHETIC","true"
"SIM-S0109","SIM-OX-02","SIM-R02","SITE-01","LINE-1","MIX-1","2026-09-03T04:00:00Z","2026-09-03T05:20:00Z","RELEASED","SYNTHETIC","true"
"SIM-S0110","SIM-OX-02","SIM-R02","SITE-01","LINE-2","MIX-2","2026-09-03T04:00:00Z","2026-09-03T05:20:00Z","RELEASED","SYNTHETIC","true"
"SIM-S0111","SIM-OX-02","SIM-R02","SITE-01","LINE-3","MIX-3","2026-09-03T04:00:00Z","2026-09-03T05:20:00Z","RELEASED","SYNTHETIC","true"
"SIM-S0112","SIM-OX-02","SIM-R02","SITE-01","LINE-1","MIX-1","2026-09-03T05:30:00Z","2026-09-03T06:50:00Z","RELEASED","SYNTHETIC","true"
"SIM-S0113","SIM-OX-02","SIM-R02","SITE-01","LINE-2","MIX-2","2026-09-03T05:30:00Z","2026-09-03T06:50:00Z","RELEASED","SYNTHETIC","true"
"SIM-S0114","SIM-OX-02","SIM-R02","SITE-01","LINE-3","MIX-3","2026-09-03T05:30:00Z","2026-09-03T06:50:00Z","RELEASED","SYNTHETIC","true"
"SIM-S0115","SIM-OX-02","SIM-R02","SITE-01","LINE-1","MIX-1","2026-09-03T07:00:00Z","2026-09-03T08:20:00Z","RELEASED","SYNTHETIC","true"
"SIM-S0116","SIM-OX-02","SIM-R02","SITE-01","LINE-2","MIX-2","2026-09-03T07:00:00Z","2026-09-03T08:20:00Z","RELEASED","SYNTHETIC","true"
"SIM-S0117","SIM-OX-02","SIM-R02","SITE-01","LINE-3","MIX-3","2026-09-03T07:00:00Z","2026-09-03T08:20:00Z","RELEASED","SYNTHETIC","true"
"SIM-S0118","SIM-OX-02","SIM-R02","SITE-01","LINE-1","MIX-1","2026-09-03T08:30:00Z","2026-09-03T09:50:00Z","RELEASED","SYNTHETIC","true"
"SIM-S0119","SIM-OX-02","SIM-R02","SITE-01","LINE-2","MIX-2","2026-09-03T08:30:00Z","2026-09-03T09:50:00Z","RELEASED","SYNTHETIC","true"
"SIM-S0120","SIM-OX-02","SIM-R02","SITE-01","LINE-3","MIX-3","2026-09-03T08:30:00Z","2026-09-03T09:50:00Z","RELEASED","SYNTHETIC","true"
"SIM-S0121","SIM-OX-02","SIM-R02","SITE-01","LINE-1","MIX-1","2026-09-03T10:00:00Z","2026-09-03T11:20:00Z","RELEASED","SYNTHETIC","true"
"SIM-S0122","SIM-OX-02","SIM-R02","SITE-01","LINE-2","MIX-2","2026-09-03T10:00:00Z","2026-09-03T11:20:00Z","RELEASED","SYNTHETIC","true"
"SIM-S0123","SIM-OX-02","SIM-R02","SITE-01","LINE-3","MIX-3","2026-09-03T10:00:00Z","2026-09-03T11:20:00Z","RELEASED","SYNTHETIC","true"
"SIM-S0124","SIM-OX-02","SIM-R02","SITE-01","LINE-1","MIX-1","2026-09-03T11:30:00Z","2026-09-03T12:50:00Z","RELEASED","SYNTHETIC","true"
"SIM-S0125","SIM-OX-02","SIM-R02","SITE-01","LINE-2","MIX-2","2026-09-03T11:30:00Z","2026-09-03T12:50:00Z","RELEASED","SYNTHETIC","true"
"SIM-S0126","SIM-OX-02","SIM-R02","SITE-01","LINE-3","MIX-3","2026-09-03T11:30:00Z","2026-09-03T12:50:00Z","RELEASED","SYNTHETIC","true"
"SIM-S0127","SIM-OX-02","SIM-R02","SITE-01","LINE-1","MIX-1","2026-09-03T13:00:00Z","2026-09-03T14:20:00Z","RELEASED","SYNTHETIC","true"
"SIM-S0128","SIM-OX-02","SIM-R02","SITE-01","LINE-2","MIX-2","2026-09-03T13:00:00Z","2026-09-03T14:20:00Z","RELEASED","SYNTHETIC","true"
"SIM-S0129","SIM-OX-02","SIM-R02","SITE-01","LINE-3","MIX-3","2026-09-03T13:00:00Z","2026-09-03T14:20:00Z","RELEASED","SYNTHETIC","true"
"SIM-S0130","SIM-OX-02","SIM-R02","SITE-01","LINE-1","MIX-1","2026-09-03T14:30:00Z","2026-09-03T15:50:00Z","RELEASED","SYNTHETIC","true"
"SIM-S0131","SIM-OX-02","SIM-R02","SITE-01","LINE-2","MIX-2","2026-09-03T14:30:00Z","2026-09-03T15:50:00Z","RELEASED","SYNTHETIC","true"
"SIM-S0132","SIM-OX-02","SIM-R02","SITE-01","LINE-3","MIX-3","2026-09-03T14:30:00Z","2026-09-03T15:50:00Z","RELEASED","SYNTHETIC","true"
"SIM-S0133","SIM-OX-02","SIM-R02","SITE-01","LINE-1","MIX-1","2026-09-03T16:00:00Z","2026-09-03T17:20:00Z","RELEASED","SYNTHETIC","true"
"SIM-S0134","SIM-OX-02","SIM-R02","SITE-01","LINE-2","MIX-2","2026-09-03T16:00:00Z","2026-09-03T17:20:00Z","RELEASED","SYNTHETIC","true"
"SIM-S0135","SIM-OX-02","SIM-R02","SITE-01","LINE-3","MIX-3","2026-09-03T16:00:00Z","2026-09-03T17:20:00Z","RELEASED","SYNTHETIC","true"
"SIM-S0136","SIM-OX-02","SIM-R02","SITE-01","LINE-1","MIX-1","2026-09-03T17:30:00Z","2026-09-03T18:50:00Z","RELEASED","SYNTHETIC","true"
"SIM-S0137","SIM-OX-02","SIM-R02","SITE-01","LINE-2","MIX-2","2026-09-03T17:30:00Z","2026-09-03T18:50:00Z","RELEASED","SYNTHETIC","true"
"SIM-S0138","SIM-OX-02","SIM-R02","SITE-01","LINE-3","MIX-3","2026-09-03T17:30:00Z","2026-09-03T18:50:00Z","RELEASED","SYNTHETIC","true"
"SIM-S0139","SIM-OX-02","SIM-R02","SITE-01","LINE-1","MIX-1","2026-09-03T19:00:00Z","2026-09-03T20:20:00Z","RELEASED","SYNTHETIC","true"
"SIM-S0140","SIM-OX-02","SIM-R02","SITE-01","LINE-2","MIX-2","2026-09-03T19:00:00Z","2026-09-03T20:20:00Z","RELEASED","SYNTHETIC","true"
"SIM-S0141","SIM-OX-02","SIM-R02","SITE-01","LINE-3","MIX-3","2026-09-03T19:00:00Z","2026-09-03T20:20:00Z","RELEASED","SYNTHETIC","true"
"SIM-S0142","SIM-OX-02","SIM-R02","SITE-01","LINE-1","MIX-1","2026-09-03T20:30:00Z","2026-09-03T21:50:00Z","RELEASED","SYNTHETIC","true"
"SIM-S0143","SIM-OX-02","SIM-R02","SITE-01","LINE-2","MIX-2","2026-09-03T20:30:00Z","2026-09-03T21:50:00Z","RELEASED","SYNTHETIC","true"
"SIM-S0144","SIM-OX-02","SIM-R02","SITE-01","LINE-3","MIX-3","2026-09-03T20:30:00Z","2026-09-03T21:50:00Z","RELEASED","SYNTHETIC","true"
"SIM-S0145","SIM-OX-02","SIM-R02","SITE-01","LINE-1","MIX-1","2026-09-03T22:00:00Z","2026-09-03T23:20:00Z","RELEASED","SYNTHETIC","true"
"SIM-S0146","SIM-OX-02","SIM-R02","SITE-01","LINE-2","MIX-2","2026-09-03T22:00:00Z","2026-09-03T23:20:00Z","RELEASED","SYNTHETIC","true"
"SIM-S0147","SIM-OX-02","SIM-R02","SITE-01","LINE-3","MIX-3","2026-09-03T22:00:00Z","2026-09-03T23:20:00Z","RELEASED","SYNTHETIC","true"
"SIM-S0148","SIM-OX-02","SIM-R02","SITE-01","LINE-1","MIX-1","2026-09-03T23:30:00Z","2026-09-04T00:50:00Z","RELEASED","SYNTHETIC","true"
"SIM-S0149","SIM-OX-02","SIM-R02","SITE-01","LINE-2","MIX-2","2026-09-03T23:30:00Z","2026-09-04T00:50:00Z","RELEASED","SYNTHETIC","true"
"SIM-S0150","SIM-OX-02","SIM-R02","SITE-01","LINE-3","MIX-3","2026-09-03T23:30:00Z","2026-09-04T00:50:00Z","RELEASED","SYNTHETIC","true"
"SIM-S0151","SIM-OX-02","SIM-R02","SITE-01","LINE-1","MIX-1","2026-09-04T01:00:00Z","2026-09-04T02:20:00Z","RELEASED","SYNTHETIC","true"
"SIM-S0152","SIM-OX-02","SIM-R02","SITE-01","LINE-2","MIX-2","2026-09-04T01:00:00Z","2026-09-04T02:20:00Z","RELEASED","SYNTHETIC","true"
"SIM-S0153","SIM-OX-02","SIM-R02","SITE-01","LINE-3","MIX-3","2026-09-04T01:00:00Z","2026-09-04T02:20:00Z","RELEASED","SYNTHETIC","true"
"SIM-S0154","SIM-OX-02","SIM-R02","SITE-01","LINE-1","MIX-1","2026-09-04T02:30:00Z","2026-09-04T03:50:00Z","RELEASED","SYNTHETIC","true"
"SIM-S0155","SIM-OX-02","SIM-R02","SITE-01","LINE-2","MIX-2","2026-09-04T02:30:00Z","2026-09-04T03:50:00Z","RELEASED","SYNTHETIC","true"
"SIM-S0156","SIM-OX-02","SIM-R02","SITE-01","LINE-3","MIX-3","2026-09-04T02:30:00Z","2026-09-04T03:50:00Z","RELEASED","SYNTHETIC","true"
"SIM-S0157","SIM-OX-02","SIM-R02","SITE-01","LINE-1","MIX-1","2026-09-04T04:00:00Z","2026-09-04T05:20:00Z","RELEASED","SYNTHETIC","true"
"SIM-S0158","SIM-OX-02","SIM-R02","SITE-01","LINE-2","MIX-2","2026-09-04T04:00:00Z","2026-09-04T05:20:00Z","RELEASED","SYNTHETIC","true"
"SIM-S0159","SIM-OX-02","SIM-R02","SITE-01","LINE-3","MIX-3","2026-09-04T04:00:00Z","2026-09-04T05:20:00Z","RELEASED","SYNTHETIC","true"
"SIM-S0160","SIM-OX-02","SIM-R02","SITE-01","LINE-1","MIX-1","2026-09-04T05:30:00Z","2026-09-04T06:50:00Z","RELEASED","SYNTHETIC","true"
"SIM-S0161","SIM-OX-02","SIM-R02","SITE-01","LINE-2","MIX-2","2026-09-04T05:30:00Z","2026-09-04T06:50:00Z","RELEASED","SYNTHETIC","true"
"SIM-S0162","SIM-OX-02","SIM-R02","SITE-01","LINE-3","MIX-3","2026-09-04T05:30:00Z","2026-09-04T06:50:00Z","RELEASED","SYNTHETIC","true"
"SIM-S0163","SIM-OX-02","SIM-R02","SITE-01","LINE-1","MIX-1","2026-09-04T07:00:00Z","2026-09-04T08:20:00Z","RELEASED","SYNTHETIC","true"
"SIM-S0164","SIM-OX-02","SIM-R02","SITE-01","LINE-2","MIX-2","2026-09-04T07:00:00Z","2026-09-04T08:20:00Z","RELEASED","SYNTHETIC","true"
"SIM-S0165","SIM-OX-02","SIM-R02","SITE-01","LINE-3","MIX-3","2026-09-04T07:00:00Z","2026-09-04T08:20:00Z","RELEASED","SYNTHETIC","true"
"SIM-S0166","SIM-OX-02","SIM-R02","SITE-01","LINE-1","MIX-1","2026-09-04T08:30:00Z","2026-09-04T09:50:00Z","RELEASED","SYNTHETIC","true"
"SIM-S0167","SIM-OX-02","SIM-R02","SITE-01","LINE-2","MIX-2","2026-09-04T08:30:00Z","2026-09-04T09:50:00Z","RELEASED","SYNTHETIC","true"
"SIM-S0168","SIM-OX-02","SIM-R02","SITE-01","LINE-3","MIX-3","2026-09-04T08:30:00Z","2026-09-04T09:50:00Z","RELEASED","SYNTHETIC","true"
"SIM-S0169","SIM-OX-02","SIM-R02","SITE-01","LINE-1","MIX-1","2026-09-04T10:00:00Z","2026-09-04T11:20:00Z","RELEASED","SYNTHETIC","true"
"SIM-S0170","SIM-OX-02","SIM-R02","SITE-01","LINE-2","MIX-2","2026-09-04T10:00:00Z","2026-09-04T11:20:00Z","RELEASED","SYNTHETIC","true"
"SIM-S0171","SIM-OX-02","SIM-R02","SITE-01","LINE-3","MIX-3","2026-09-04T10:00:00Z","2026-09-04T11:20:00Z","RELEASED","SYNTHETIC","true"
"SIM-S0172","SIM-OX-02","SIM-R02","SITE-01","LINE-1","MIX-1","2026-09-04T11:30:00Z","2026-09-04T12:50:00Z","RELEASED","SYNTHETIC","true"
"SIM-S0173","SIM-OX-02","SIM-R02","SITE-01","LINE-2","MIX-2","2026-09-04T11:30:00Z","2026-09-04T12:50:00Z","RELEASED","SYNTHETIC","true"
"SIM-S0174","SIM-OX-02","SIM-R02","SITE-01","LINE-3","MIX-3","2026-09-04T11:30:00Z","2026-09-04T12:50:00Z","RELEASED","SYNTHETIC","true"
"SIM-S0175","SIM-OX-02","SIM-R02","SITE-01","LINE-1","MIX-1","2026-09-04T13:00:00Z","2026-09-04T14:20:00Z","RELEASED","SYNTHETIC","true"
"SIM-S0176","SIM-OX-02","SIM-R02","SITE-01","LINE-2","MIX-2","2026-09-04T13:00:00Z","2026-09-04T14:20:00Z","RELEASED","SYNTHETIC","true"
"SIM-S0177","SIM-OX-02","SIM-R02","SITE-01","LINE-3","MIX-3","2026-09-04T13:00:00Z","2026-09-04T14:20:00Z","RELEASED","SYNTHETIC","true"
"SIM-S0178","SIM-OX-02","SIM-R02","SITE-01","LINE-1","MIX-1","2026-09-04T14:30:00Z","2026-09-04T15:50:00Z","RELEASED","SYNTHETIC","true"
"SIM-S0179","SIM-OX-02","SIM-R02","SITE-01","LINE-2","MIX-2","2026-09-04T14:30:00Z","2026-09-04T15:50:00Z","RELEASED","SYNTHETIC","true"
"SIM-S0180","SIM-OX-02","SIM-R02","SITE-01","LINE-3","MIX-3","2026-09-04T14:30:00Z","2026-09-04T15:50:00Z","RELEASED","SYNTHETIC","true"
"SIM-S0181","SIM-OX-02","SIM-R02","SITE-01","LINE-1","MIX-1","2026-09-04T16:00:00Z","2026-09-04T17:20:00Z","RELEASED","SYNTHETIC","false"
"SIM-S0182","SIM-OX-02","SIM-R02","SITE-01","LINE-2","MIX-2","2026-09-04T16:00:00Z","2026-09-04T17:20:00Z","RELEASED","SYNTHETIC","false"
"SIM-S0183","SIM-OX-02","SIM-R02","SITE-01","LINE-3","MIX-3","2026-09-04T16:00:00Z","2026-09-04T17:20:00Z","RELEASED","SYNTHETIC","false"
"SIM-S0184","SIM-OX-02","SIM-R02","SITE-01","LINE-1","MIX-1","2026-09-04T17:30:00Z","2026-09-04T18:50:00Z","RELEASED","SYNTHETIC","false"
"SIM-S0185","SIM-OX-02","SIM-R02","SITE-01","LINE-2","MIX-2","2026-09-04T17:30:00Z","2026-09-04T18:50:00Z","RELEASED","SYNTHETIC","false"
"SIM-S0186","SIM-OX-02","SIM-R02","SITE-01","LINE-3","MIX-3","2026-09-04T17:30:00Z","2026-09-04T18:50:00Z","RELEASED","SYNTHETIC","false"
"SIM-S0187","SIM-OX-02","SIM-R02","SITE-01","LINE-1","MIX-1","2026-09-04T19:00:00Z","2026-09-04T20:20:00Z","RELEASED","SYNTHETIC","false"
"SIM-S0188","SIM-OX-02","SIM-R02","SITE-01","LINE-2","MIX-2","2026-09-04T19:00:00Z","2026-09-04T20:20:00Z","RELEASED","SYNTHETIC","false"
"SIM-S0189","SIM-OX-02","SIM-R02","SITE-01","LINE-3","MIX-3","2026-09-04T19:00:00Z","2026-09-04T20:20:00Z","RELEASED","SYNTHETIC","false"
"SIM-S0190","SIM-OX-02","SIM-R02","SITE-01","LINE-1","MIX-1","2026-09-04T20:30:00Z","2026-09-04T21:50:00Z","RELEASED","SYNTHETIC","false"
"SIM-S0191","SIM-OX-02","SIM-R02","SITE-01","LINE-2","MIX-2","2026-09-04T20:30:00Z","2026-09-04T21:50:00Z","RELEASED","SYNTHETIC","false"
"SIM-S0192","SIM-OX-02","SIM-R02","SITE-01","LINE-3","MIX-3","2026-09-04T20:30:00Z","2026-09-04T21:50:00Z","RELEASED","SYNTHETIC","false"
"SIM-S0193","SIM-OX-02","SIM-R02","SITE-01","LINE-1","MIX-1","2026-09-04T22:00:00Z","2026-09-04T23:20:00Z","RELEASED","SYNTHETIC","false"
"SIM-S0194","SIM-OX-02","SIM-R02","SITE-01","LINE-2","MIX-2","2026-09-04T22:00:00Z","2026-09-04T23:20:00Z","RELEASED","SYNTHETIC","false"
"SIM-S0195","SIM-OX-02","SIM-R02","SITE-01","LINE-3","MIX-3","2026-09-04T22:00:00Z","2026-09-04T23:20:00Z","RELEASED","SYNTHETIC","false"
"SIM-S0196","SIM-OX-02","SIM-R02","SITE-01","LINE-1","MIX-1","2026-09-04T23:30:00Z","2026-09-05T00:50:00Z","RELEASED","SYNTHETIC","false"
"SIM-S0197","SIM-OX-02","SIM-R02","SITE-01","LINE-2","MIX-2","2026-09-04T23:30:00Z","2026-09-05T00:50:00Z","RELEASED","SYNTHETIC","false"
"SIM-S0198","SIM-OX-02","SIM-R02","SITE-01","LINE-3","MIX-3","2026-09-04T23:30:00Z","2026-09-05T00:50:00Z","RELEASED","SYNTHETIC","false"
"SIM-S0199","SIM-OX-02","SIM-R02","SITE-01","LINE-1","MIX-1","2026-09-05T01:00:00Z","2026-09-05T02:20:00Z","RELEASED","SYNTHETIC","false"
"SIM-S0200","SIM-OX-02","SIM-R02","SITE-01","LINE-2","MIX-2","2026-09-05T01:00:00Z","2026-09-05T02:20:00Z","RELEASED","SYNTHETIC","false"
"SIM-S0201","SIM-OX-02","SIM-R02","SITE-01","LINE-3","MIX-3","2026-09-05T01:00:00Z","2026-09-05T02:20:00Z","RELEASED","SYNTHETIC","false"
"SIM-S0202","SIM-OX-02","SIM-R02","SITE-01","LINE-1","MIX-1","2026-09-05T02:30:00Z","2026-09-05T03:50:00Z","RELEASED","SYNTHETIC","false"
"SIM-S0203","SIM-OX-02","SIM-R02","SITE-01","LINE-2","MIX-2","2026-09-05T02:30:00Z","2026-09-05T03:50:00Z","RELEASED","SYNTHETIC","false"
"SIM-S0204","SIM-OX-02","SIM-R02","SITE-01","LINE-3","MIX-3","2026-09-05T02:30:00Z","2026-09-05T03:50:00Z","RELEASED","SYNTHETIC","false"
"SIM-S0205","SIM-OX-02","SIM-R02","SITE-01","LINE-1","MIX-1","2026-09-05T04:00:00Z","2026-09-05T05:20:00Z","RELEASED","SYNTHETIC","false"
"SIM-S0206","SIM-OX-02","SIM-R02","SITE-01","LINE-2","MIX-2","2026-09-05T04:00:00Z","2026-09-05T05:20:00Z","RELEASED","SYNTHETIC","false"
"SIM-S0207","SIM-OX-02","SIM-R02","SITE-01","LINE-3","MIX-3","2026-09-05T04:00:00Z","2026-09-05T05:20:00Z","RELEASED","SYNTHETIC","false"
"SIM-S0208","SIM-OX-02","SIM-R02","SITE-01","LINE-1","MIX-1","2026-09-05T05:30:00Z","2026-09-05T06:50:00Z","RELEASED","SYNTHETIC","false"
"SIM-S0209","SIM-OX-02","SIM-R02","SITE-01","LINE-2","MIX-2","2026-09-05T05:30:00Z","2026-09-05T06:50:00Z","RELEASED","SYNTHETIC","false"
"SIM-S0210","SIM-OX-02","SIM-R02","SITE-01","LINE-3","MIX-3","2026-09-05T05:30:00Z","2026-09-05T06:50:00Z","RELEASED","SYNTHETIC","false"
"SIM-S0211","SIM-OX-02","SIM-R02","SITE-01","LINE-1","MIX-1","2026-09-05T07:00:00Z","2026-09-05T08:20:00Z","RELEASED","SYNTHETIC","false"
"SIM-S0212","SIM-OX-02","SIM-R02","SITE-01","LINE-2","MIX-2","2026-09-05T07:00:00Z","2026-09-05T08:20:00Z","RELEASED","SYNTHETIC","false"
"SIM-S0213","SIM-OX-02","SIM-R02","SITE-01","LINE-3","MIX-3","2026-09-05T07:00:00Z","2026-09-05T08:20:00Z","RELEASED","SYNTHETIC","false"
"SIM-S0214","SIM-OX-02","SIM-R02","SITE-01","LINE-1","MIX-1","2026-09-05T08:30:00Z","2026-09-05T09:50:00Z","RELEASED","SYNTHETIC","false"
"SIM-S0215","SIM-OX-02","SIM-R02","SITE-01","LINE-2","MIX-2","2026-09-05T08:30:00Z","2026-09-05T09:50:00Z","RELEASED","SYNTHETIC","false"
"SIM-S0216","SIM-OX-02","SIM-R02","SITE-01","LINE-3","MIX-3","2026-09-05T08:30:00Z","2026-09-05T09:50:00Z","RELEASED","SYNTHETIC","false"
"SIM-S0217","SIM-OX-02","SIM-R02","SITE-01","LINE-1","MIX-1","2026-09-05T10:00:00Z","2026-09-05T11:20:00Z","RELEASED","SYNTHETIC","false"
"SIM-S0218","SIM-OX-02","SIM-R02","SITE-01","LINE-2","MIX-2","2026-09-05T10:00:00Z","2026-09-05T11:20:00Z","RELEASED","SYNTHETIC","false"
"SIM-S0219","SIM-OX-02","SIM-R02","SITE-01","LINE-3","MIX-3","2026-09-05T10:00:00Z","2026-09-05T11:20:00Z","RELEASED","SYNTHETIC","false"
"SIM-S0220","SIM-OX-02","SIM-R02","SITE-01","LINE-1","MIX-1","2026-09-05T11:30:00Z","2026-09-05T12:50:00Z","RELEASED","SYNTHETIC","false"
"SIM-S0221","SIM-OX-02","SIM-R02","SITE-01","LINE-2","MIX-2","2026-09-05T11:30:00Z","2026-09-05T12:50:00Z","RELEASED","SYNTHETIC","false"
"SIM-S0222","SIM-OX-02","SIM-R02","SITE-01","LINE-3","MIX-3","2026-09-05T11:30:00Z","2026-09-05T12:50:00Z","RELEASED","SYNTHETIC","false"
"SIM-S0223","SIM-OX-02","SIM-R02","SITE-01","LINE-1","MIX-1","2026-09-05T13:00:00Z","2026-09-05T14:20:00Z","RELEASED","SYNTHETIC","false"
"SIM-S0224","SIM-OX-02","SIM-R02","SITE-01","LINE-2","MIX-2","2026-09-05T13:00:00Z","2026-09-05T14:20:00Z","RELEASED","SYNTHETIC","false"
"SIM-S0225","SIM-OX-02","SIM-R02","SITE-01","LINE-3","MIX-3","2026-09-05T13:00:00Z","2026-09-05T14:20:00Z","RELEASED","SYNTHETIC","false"
"SIM-S0226","SIM-OX-02","SIM-R02","SITE-01","LINE-1","MIX-1","2026-09-05T14:30:00Z","2026-09-05T15:50:00Z","RELEASED","SYNTHETIC","false"
"SIM-S0227","SIM-OX-02","SIM-R02","SITE-01","LINE-2","MIX-2","2026-09-05T14:30:00Z","2026-09-05T15:50:00Z","RELEASED","SYNTHETIC","false"
"SIM-S0228","SIM-OX-02","SIM-R02","SITE-01","LINE-3","MIX-3","2026-09-05T14:30:00Z","2026-09-05T15:50:00Z","RELEASED","SYNTHETIC","false"
"SIM-S0229","SIM-OX-02","SIM-R02","SITE-01","LINE-1","MIX-1","2026-09-05T16:00:00Z","2026-09-05T17:20:00Z","HOLD","SYNTHETIC","false"
"SIM-S0230","SIM-OX-02","SIM-R02","SITE-01","LINE-2","MIX-2","2026-09-05T16:00:00Z","2026-09-05T17:20:00Z","HOLD","SYNTHETIC","false"
"SIM-S0231","SIM-OX-02","SIM-R02","SITE-01","LINE-3","MIX-3","2026-09-05T16:00:00Z","2026-09-05T17:20:00Z","HOLD","SYNTHETIC","false"
"SIM-S0232","SIM-OX-02","SIM-R02","SITE-01","LINE-1","MIX-1","2026-09-05T17:30:00Z","2026-09-05T18:50:00Z","HOLD","SYNTHETIC","false"
"SIM-S0233","SIM-OX-02","SIM-R02","SITE-01","LINE-2","MIX-2","2026-09-05T17:30:00Z","2026-09-05T18:50:00Z","HOLD","SYNTHETIC","false"
"SIM-S0234","SIM-OX-02","SIM-R02","SITE-01","LINE-3","MIX-3","2026-09-05T17:30:00Z","2026-09-05T18:50:00Z","HOLD","SYNTHETIC","false"
"SIM-S0235","SIM-OX-02","SIM-R02","SITE-01","LINE-1","MIX-1","2026-09-05T19:00:00Z","2026-09-05T20:20:00Z","HOLD","SYNTHETIC","false"
"SIM-S0236","SIM-OX-02","SIM-R02","SITE-01","LINE-2","MIX-2","2026-09-05T19:00:00Z","2026-09-05T20:20:00Z","HOLD","SYNTHETIC","false"
"SIM-S0237","SIM-OX-02","SIM-R02","SITE-01","LINE-3","MIX-3","2026-09-05T19:00:00Z","2026-09-05T20:20:00Z","RELEASED","SYNTHETIC","false"
"SIM-S0238","SIM-OX-02","SIM-R02","SITE-01","LINE-1","MIX-1","2026-09-05T20:30:00Z","2026-09-05T21:50:00Z","HOLD","SYNTHETIC","false"
"SIM-S0239","SIM-OX-02","SIM-R02","SITE-01","LINE-2","MIX-2","2026-09-05T20:30:00Z","2026-09-05T21:50:00Z","HOLD","SYNTHETIC","false"
"SIM-S0240","SIM-OX-02","SIM-R02","SITE-01","LINE-3","MIX-3","2026-09-05T20:30:00Z","2026-09-05T21:50:00Z","HOLD","SYNTHETIC","false"