"Equipment_Event_ID","Equipment_ID","Event_Type","Valid_From_TS","Valid_To_TS","Result","Data_Origin"
"EQ-1","MIX-1","STATUS","2026-08-31T22:00:00Z","2026-09-05T22:00:00Z","PASS","SYNTHETIC"
"EQ-2","MIX-2","STATUS","2026-08-31T22:00:00Z","2026-09-05T22:00:00Z","PASS","SYNTHETIC"
"EQ-3","MIX-3","STATUS","2026-08-31T22:00:00Z","2026-09-05T22:00:00Z","PASS","SYNTHETIC"
"EQ-FC-MIX-1-8","MIX-1","FILTER_CHANGE","2026-09-01T09:50:00Z","2026-09-01T10:00:00Z","PASS","SYNTHETIC"
"EQ-FC-MIX-2-8","MIX-2","FILTER_CHANGE","2026-09-01T09:50:00Z","2026-09-01T10:00:00Z","PASS","SYNTHETIC"
"EQ-FC-MIX-3-8","MIX-3","FILTER_CHANGE","2026-09-01T09:50:00Z","2026-09-01T10:00:00Z","PASS","SYNTHETIC"
"EQ-FC-MIX-1-16","MIX-1","FILTER_CHANGE","2026-09-01T21:50:00Z","2026-09-01T22:00:00Z","PASS","SYNTHETIC"
"EQ-FC-MIX-2-16","MIX-2","FILTER_CHANGE","2026-09-01T21:50:00Z","2026-09-01T22:00:00Z","PASS","SYNTHETIC"
"EQ-FC-MIX-3-16","MIX-3","FILTER_CHANGE","2026-09-01T21:50:00Z","2026-09-01T22:00:00Z","PASS","SYNTHETIC"
"EQ-FC-MIX-1-24","MIX-1","FILTER_CHANGE","2026-09-02T09:50:00Z","2026-09-02T10:00:00Z","PASS","SYNTHETIC"
"EQ-FC-MIX-2-24","MIX-2","FILTER_CHANGE","2026-09-02T09:50:00Z","2026-09-02T10:00:00Z","PASS","SYNTHETIC"
"EQ-FC-MIX-3-24","MIX-3","FILTER_CHANGE","2026-09-02T09:50:00Z","2026-09-02T10:00:00Z","PASS","SYNTHETIC"
"EQ-FC-MIX-1-32","MIX-1","FILTER_CHANGE","2026-09-02T21:50:00Z","2026-09-02T22:00:00Z","PASS","SYNTHETIC"
"EQ-FC-MIX-2-32","MIX-2","FILTER_CHANGE","2026-09-02T21:50:00Z","2026-09-02T22:00:00Z","PASS","SYNTHETIC"
"EQ-FC-MIX-3-32","MIX-3","FILTER_CHANGE","2026-09-02T21:50:00Z","2026-09-02T22:00:00Z","PASS","SYNTHETIC"
"EQ-FC-MIX-1-40","MIX-1","FILTER_CHANGE","2026-09-03T09:50:00Z","2026-09-03T10:00:00Z","PASS","SYNTHETIC"
"EQ-FC-MIX-2-40","MIX-2","FILTER_CHANGE","2026-09-03T09:50:00Z","2026-09-03T10:00:00Z","PASS","SYNTHETIC"
"EQ-FC-MIX-3-40","MIX-3","FILTER_CHANGE","2026-09-03T09:50:00Z","2026-09-03T10:00:00Z","PASS","SYNTHETIC"
"EQ-FC-MIX-1-48","MIX-1","FILTER_CHANGE","2026-09-03T21:50:00Z","2026-09-03T22:00:00Z","PASS","SYNTHETIC"
"EQ-FC-MIX-2-48","MIX-2","FILTER_CHANGE","2026-09-03T21:50:00Z","2026-09-03T22:00:00Z","PASS","SYNTHETIC"
"EQ-FC-MIX-3-48","MIX-3","FILTER_CHANGE","2026-09-03T21:50:00Z","2026-09-03T22:00:00Z","PASS","SYNTHETIC"
"EQ-FC-MIX-1-56","MIX-1","FILTER_CHANGE","2026-09-04T09:50:00Z","2026-09-04T10:00:00Z","PASS","SYNTHETIC"
"EQ-FC-MIX-2-56","MIX-2","FILTER_CHANGE","2026-09-04T09:50:00Z","2026-09-04T10:00:00Z","PASS","SYNTHETIC"
"EQ-FC-MIX-3-56","MIX-3","FILTER_CHANGE","2026-09-04T09:50:00Z","2026-09-04T10:00:00Z","PASS","SYNTHETIC"
"EQ-FC-MIX-1-64","MIX-1","FILTER_CHANGE","2026-09-04T21:50:00Z","2026-09-04T22:00:00Z","PASS","SYNTHETIC"
"EQ-FC-MIX-3-64","MIX-3","FILTER_CHANGE","2026-09-04T21:50:00Z","2026-09-04T22:00:00Z","PASS","SYNTHETIC"
"EQ-FC-MIX-1-72","MIX-1","FILTER_CHANGE","2026-09-05T09:50:00Z","2026-09-05T10:00:00Z","PASS","SYNTHETIC"
"EQ-FC-MIX-3-72","MIX-3","FILTER_CHANGE","2026-09-05T09:50:00Z","2026-09-05T10:00:00Z","PASS","SYNTHETIC"
"EQ-FC-MIX-2-77","MIX-2","FILTER_CHANGE","2026-09-05T17:20:00Z","2026-09-05T17:30:00Z","PASS","SYNTHETIC"