"Material_Record_ID","Batch_ID","Material_ID","Lot_ID","Quantity","Unit","Charge_TS","Data_Origin"
"SIM-S0001-M1","SIM-S0001","SILICA","SILICA-LOT-1","100","kg","2026-08-31T22:05:00Z","SYNTHETIC"
"SIM-S0001-M2","SIM-S0001","ADDITIVE","ADDITIVE-LOT-1","10","kg","2026-08-31T22:05:00Z","SYNTHETIC"
"SIM-S0001-M3","SIM-S0001","DIW","DIW-LOT-1","890","kg","2026-08-31T22:05:00Z","SYNTHETIC"
"SIM-S0002-M1","SIM-S0002","SILICA","SILICA-LOT-1","100","kg","2026-08-31T22:05:00Z","SYNTHETIC"
"SIM-S0002-M2","SIM-S0002","ADDITIVE","ADDITIVE-LOT-1","10","kg","2026-08-31T22:05:00Z","SYNTHETIC"
"SIM-S0002-M3","SIM-S0002","DIW","DIW-LOT-1","890","kg","2026-08-31T22:05:00Z","SYNTHETIC"
"SIM-S0003-M1","SIM-S0003","SILICA","SILICA-LOT-1","100","kg","2026-08-31T22:05:00Z","SYNTHETIC"
"SIM-S0003-M2","SIM-S0003","ADDITIVE","ADDITIVE-LOT-1","10","kg","2026-08-31T22:05:00Z","SYNTHETIC"
"SIM-S0003-M3","SIM-S0003","DIW","DIW-LOT-1","890","kg","2026-08-31T22:05:00Z","SYNTHETIC"
"SIM-S0004-M1","SIM-S0004","SILICA","SILICA-LOT-1","100","kg","2026-08-31T23:35:00Z","SYNTHETIC"
"SIM-S0004-M2","SIM-S0004","ADDITIVE","ADDITIVE-LOT-1","10","kg","2026-08-31T23:35:00Z","SYNTHETIC"
"SIM-S0004-M3","SIM-S0004","DIW","DIW-LOT-1","890","kg","2026-08-31T23:35:00Z","SYNTHETIC"
"SIM-S0005-M1","SIM-S0005","SILICA","SILICA-LOT-1","100","kg","2026-08-31T23:35:00Z","SYNTHETIC"
"SIM-S0005-M2","SIM-S0005","ADDITIVE","ADDITIVE-LOT-1","10","kg","2026-08-31T23:35:00Z","SYNTHETIC"
"SIM-S0005-M3","SIM-S0005","DIW","DIW-LOT-1","890","kg","2026-08-31T23:35:00Z","SYNTHETIC"
"SIM-S0006-M1","SIM-S0006","SILICA","SILICA-LOT-1","100","kg","2026-08-31T23:35:00Z","SYNTHETIC"
"SIM-S0006-M2","SIM-S0006","ADDITIVE","ADDITIVE-LOT-1","10","kg","2026-08-31T23:35:00Z","SYNTHETIC"
"SIM-S0006-M3","SIM-S0006","DIW","DIW-LOT-1","890","kg","2026-08-31T23:35:00Z","SYNTHETIC"
"SIM-S0007-M1","SIM-S0007","SILICA","SILICA-LOT-2","100","kg","2026-09-01T01:05:00Z","SYNTHETIC"
"SIM-S0007-M2","SIM-S0007","ADDITIVE","ADDITIVE-LOT-2","10","kg","2026-09-01T01:05:00Z","SYNTHETIC"
"SIM-S0007-M3","SIM-S0007","DIW","DIW-LOT-2","890","kg","2026-09-01T01:05:00Z","SYNTHETIC"
"SIM-S0008-M1","SIM-S0008","SILICA","SILICA-LOT-2","100","kg","2026-09-01T01:05:00Z","SYNTHETIC"
"SIM-S0008-M2","SIM-S0008","ADDITIVE","ADDITIVE-LOT-2","10","kg","2026-09-01T01:05:00Z","SYNTHETIC"
"SIM-S0008-M3","SIM-S0008","DIW","DIW-LOT-2","890","kg","2026-09-01T01:05:00Z","SYNTHETIC"
"SIM-S0009-M1","SIM-S0009","SILICA","SILICA-LOT-2","100","kg","2026-09-01T01:05:00Z","SYNTHETIC"
"SIM-S0009-M2","SIM-S0009","ADDITIVE","ADDITIVE-LOT-2","10","kg","2026-09-01T01:05:00Z","SYNTHETIC"
"SIM-S0009-M3","SIM-S0009","DIW","DIW-LOT-2","890","kg","2026-09-01T01:05:00Z","SYNTHETIC"
"SIM-S0010-M1","SIM-S0010","SILICA","SILICA-LOT-2","100","kg","2026-09-01T02:35:00Z","SYNTHETIC"
"SIM-S0010-M2","SIM-S0010","ADDITIVE","ADDITIVE-LOT-2","10","kg","2026-09-01T02:35:00Z","SYNTHETIC"
"SIM-S0010-M3","SIM-S0010","DIW","DIW-LOT-2","890","kg","2026-09-01T02:35:00Z","SYNTHETIC"
"SIM-S0011-M1","SIM-S0011","SILICA","SILICA-LOT-2","100","kg","2026-09-01T02:35:00Z","SYNTHETIC"
"SIM-S0011-M2","SIM-S0011","ADDITIVE","ADDITIVE-LOT-2","10","kg","2026-09-01T02:35:00Z","SYNTHETIC"
"SIM-S0011-M3","SIM-S0011","DIW","DIW-LOT-2","890","kg","2026-09-01T02:35:00Z","SYNTHETIC"
"SIM-S0012-M1","SIM-S0012","SILICA","SILICA-LOT-2","100","kg","2026-09-01T02:35:00Z","SYNTHETIC"
"SIM-S0012-M2","SIM-S0012","ADDITIVE","ADDITIVE-LOT-2","10","kg","2026-09-01T02:35:00Z","SYNTHETIC"
"SIM-S0012-M3","SIM-S0012","DIW","DIW-LOT-2","890","kg","2026-09-01T02:35:00Z","SYNTHETIC"
"SIM-S0013-M1","SIM-S0013","SILICA","SILICA-LOT-3","100","kg","2026-09-01T04:05:00Z","SYNTHETIC"
"SIM-S0013-M2","SIM-S0013","ADDITIVE","ADDITIVE-LOT-3","10","kg","2026-09-01T04:05:00Z","SYNTHETIC"
"SIM-S0013-M3","SIM-S0013","DIW","DIW-LOT-3","890","kg","2026-09-01T04:05:00Z","SYNTHETIC"
"SIM-S0014-M1","SIM-S0014","SILICA","SILICA-LOT-3","100","kg","2026-09-01T04:05:00Z","SYNTHETIC"
"SIM-S0014-M2","SIM-S0014","ADDITIVE","ADDITIVE-LOT-3","10","kg","2026-09-01T04:05:00Z","SYNTHETIC"
"SIM-S0014-M3","SIM-S0014","DIW","DIW-LOT-3","890","kg","2026-09-01T04:05:00Z","SYNTHETIC"
"SIM-S0015-M1","SIM-S0015","SILICA","SILICA-LOT-3","100","kg","2026-09-01T04:05:00Z","SYNTHETIC"
"SIM-S0015-M2","SIM-S0015","ADDITIVE","ADDITIVE-LOT-3","10","kg","2026-09-01T04:05:00Z","SYNTHETIC"
"SIM-S0015-M3","SIM-S0015","DIW","DIW-LOT-3","890","kg","2026-09-01T04:05:00Z","SYNTHETIC"
"SIM-S0016-M1","SIM-S0016","SILICA","SILICA-LOT-3","100","kg","2026-09-01T05:35:00Z","SYNTHETIC"
"SIM-S0016-M2","SIM-S0016","ADDITIVE","ADDITIVE-LOT-3","10","kg","2026-09-01T05:35:00Z","SYNTHETIC"
"SIM-S0016-M3","SIM-S0016","DIW","DIW-LOT-3","890","kg","2026-09-01T05:35:00Z","SYNTHETIC"
"SIM-S0017-M1","SIM-S0017","SILICA","SILICA-LOT-3","100","kg","2026-09-01T05:35:00Z","SYNTHETIC"
"SIM-S0017-M2","SIM-S0017","ADDITIVE","ADDITIVE-LOT-3","10","kg","2026-09-01T05:35:00Z","SYNTHETIC"
"SIM-S0017-M3","SIM-S0017","DIW","DIW-LOT-3","890","kg","2026-09-01T05:35:00Z","SYNTHETIC"
"SIM-S0018-M1","SIM-S0018","SILICA","SILICA-LOT-3","100","kg","2026-09-01T05:35:00Z","SYNTHETIC"
"SIM-S0018-M2","SIM-S0018","ADDITIVE","ADDITIVE-LOT-3","10","kg","2026-09-01T05:35:00Z","SYNTHETIC"
"SIM-S0018-M3","SIM-S0018","DIW","DIW-LOT-3","890","kg","2026-09-01T05:35:00Z","SYNTHETIC"
"SIM-S0019-M1","SIM-S0019","SILICA","SILICA-LOT-4","100","kg","2026-09-01T07:05:00Z","SYNTHETIC"
"SIM-S0019-M2","SIM-S0019","ADDITIVE","ADDITIVE-LOT-4","10","kg","2026-09-01T07:05:00Z","SYNTHETIC"
"SIM-S0019-M3","SIM-S0019","DIW","DIW-LOT-4","890","kg","2026-09-01T07:05:00Z","SYNTHETIC"
"SIM-S0020-M1","SIM-S0020","SILICA","SILICA-LOT-4","100","kg","2026-09-01T07:05:00Z","SYNTHETIC"
"SIM-S0020-M2","SIM-S0020","ADDITIVE","ADDITIVE-LOT-4","10","kg","2026-09-01T07:05:00Z","SYNTHETIC"
"SIM-S0020-M3","SIM-S0020","DIW","DIW-LOT-4","890","kg","2026-09-01T07:05:00Z","SYNTHETIC"
"SIM-S0021-M1","SIM-S0021","SILICA","SILICA-LOT-4","100","kg","2026-09-01T07:05:00Z","SYNTHETIC"
"SIM-S0021-M2","SIM-S0021","ADDITIVE","ADDITIVE-LOT-4","10","kg","2026-09-01T07:05:00Z","SYNTHETIC"
"SIM-S0021-M3","SIM-S0021","DIW","DIW-LOT-4","890","kg","2026-09-01T07:05:00Z","SYNTHETIC"
"SIM-S0022-M1","SIM-S0022","SILICA","SILICA-LOT-4","100","kg","2026-09-01T08:35:00Z","SYNTHETIC"
"SIM-S0022-M2","SIM-S0022","ADDITIVE","ADDITIVE-LOT-4","10","kg","2026-09-01T08:35:00Z","SYNTHETIC"
"SIM-S0022-M3","SIM-S0022","DIW","DIW-LOT-4","890","kg","2026-09-01T08:35:00Z","SYNTHETIC"
"SIM-S0023-M1","SIM-S0023","SILICA","SILICA-LOT-4","100","kg","2026-09-01T08:35:00Z","SYNTHETIC"
"SIM-S0023-M2","SIM-S0023","ADDITIVE","ADDITIVE-LOT-4","10","kg","2026-09-01T08:35:00Z","SYNTHETIC"
"SIM-S0023-M3","SIM-S0023","DIW","DIW-LOT-4","890","kg","2026-09-01T08:35:00Z","SYNTHETIC"
"SIM-S0024-M1","SIM-S0024","SILICA","SILICA-LOT-4","100","kg","2026-09-01T08:35:00Z","SYNTHETIC"
"SIM-S0024-M2","SIM-S0024","ADDITIVE","ADDITIVE-LOT-4","10","kg","2026-09-01T08:35:00Z","SYNTHETIC"
"SIM-S0024-M3","SIM-S0024","DIW","DIW-LOT-4","890","kg","2026-09-01T08:35:00Z","SYNTHETIC"
"SIM-S0025-M1","SIM-S0025","SILICA","SILICA-LOT-5","100","kg","2026-09-01T10:05:00Z","SYNTHETIC"
"SIM-S0025-M2","SIM-S0025","ADDITIVE","ADDITIVE-LOT-5","10","kg","2026-09-01T10:05:00Z","SYNTHETIC"
"SIM-S0025-M3","SIM-S0025","DIW","DIW-LOT-5","890","kg","2026-09-01T10:05:00Z","SYNTHETIC"
"SIM-S0026-M1","SIM-S0026","SILICA","SILICA-LOT-5","100","kg","2026-09-01T10:05:00Z","SYNTHETIC"
"SIM-S0026-M2","SIM-S0026","ADDITIVE","ADDITIVE-LOT-5","10","kg","2026-09-01T10:05:00Z","SYNTHETIC"
"SIM-S0026-M3","SIM-S0026","DIW","DIW-LOT-5","890","kg","2026-09-01T10:05:00Z","SYNTHETIC"
"SIM-S0027-M1","SIM-S0027","SILICA","SILICA-LOT-5","100","kg","2026-09-01T10:05:00Z","SYNTHETIC"
"SIM-S0027-M2","SIM-S0027","ADDITIVE","ADDITIVE-LOT-5","10","kg","2026-09-01T10:05:00Z","SYNTHETIC"
"SIM-S0027-M3","SIM-S0027","DIW","DIW-LOT-5","890","kg","2026-09-01T10:05:00Z","SYNTHETIC"
"SIM-S0028-M1","SIM-S0028","SILICA","SILICA-LOT-5","100","kg","2026-09-01T11:35:00Z","SYNTHETIC"
"SIM-S0028-M2","SIM-S0028","ADDITIVE","ADDITIVE-LOT-5","10","kg","2026-09-01T11:35:00Z","SYNTHETIC"
"SIM-S0028-M3","SIM-S0028","DIW","DIW-LOT-5","890","kg","2026-09-01T11:35:00Z","SYNTHETIC"
"SIM-S0029-M1","SIM-S0029","SILICA","SILICA-LOT-5","100","kg","2026-09-01T11:35:00Z","SYNTHETIC"
"SIM-S0029-M2","SIM-S0029","ADDITIVE","ADDITIVE-LOT-5","10","kg","2026-09-01T11:35:00Z","SYNTHETIC"
"SIM-S0029-M3","SIM-S0029","DIW","DIW-LOT-5","890","kg","2026-09-01T11:35:00Z","SYNTHETIC"
"SIM-S0030-M1","SIM-S0030","SILICA","SILICA-LOT-5","100","kg","2026-09-01T11:35:00Z","SYNTHETIC"
"SIM-S0030-M2","SIM-S0030","ADDITIVE","ADDITIVE-LOT-5","10","kg","2026-09-01T11:35:00Z","SYNTHETIC"
"SIM-S0030-M3","SIM-S0030","DIW","DIW-LOT-5","890","kg","2026-09-01T11:35:00Z","SYNTHETIC"
"SIM-S0031-M1","SIM-S0031","SILICA","SILICA-LOT-6","100","kg","2026-09-01T13:05:00Z","SYNTHETIC"
"SIM-S0031-M2","SIM-S0031","ADDITIVE","ADDITIVE-LOT-6","10","kg","2026-09-01T13:05:00Z","SYNTHETIC"
"SIM-S0031-M3","SIM-S0031","DIW","DIW-LOT-6","890","kg","2026-09-01T13:05:00Z","SYNTHETIC"
"SIM-S0032-M1","SIM-S0032","SILICA","SILICA-LOT-6","100","kg","2026-09-01T13:05:00Z","SYNTHETIC"
"SIM-S0032-M2","SIM-S0032","ADDITIVE","ADDITIVE-LOT-6","10","kg","2026-09-01T13:05:00Z","SYNTHETIC"
"SIM-S0032-M3","SIM-S0032","DIW","DIW-LOT-6","890","kg","2026-09-01T13:05:00Z","SYNTHETIC"
"SIM-S0033-M1","SIM-S0033","SILICA","SILICA-LOT-6","100","kg","2026-09-01T13:05:00Z","SYNTHETIC"
"SIM-S0033-M2","SIM-S0033","ADDITIVE","ADDITIVE-LOT-6","10","kg","2026-09-01T13:05:00Z","SYNTHETIC"
"SIM-S0033-M3","SIM-S0033","DIW","DIW-LOT-6","890","kg","2026-09-01T13:05:00Z","SYNTHETIC"
"SIM-S0034-M1","SIM-S0034","SILICA","SILICA-LOT-6","100","kg","2026-09-01T14:35:00Z","SYNTHETIC"
"SIM-S0034-M2","SIM-S0034","ADDITIVE","ADDITIVE-LOT-6","10","kg","2026-09-01T14:35:00Z","SYNTHETIC"
"SIM-S0034-M3","SIM-S0034","DIW","DIW-LOT-6","890","kg","2026-09-01T14:35:00Z","SYNTHETIC"
"SIM-S0035-M1","SIM-S0035","SILICA","SILICA-LOT-6","100","kg","2026-09-01T14:35:00Z","SYNTHETIC"
"SIM-S0035-M2","SIM-S0035","ADDITIVE","ADDITIVE-LOT-6","10","kg","2026-09-01T14:35:00Z","SYNTHETIC"
"SIM-S0035-M3","SIM-S0035","DIW","DIW-LOT-6","890","kg","2026-09-01T14:35:00Z","SYNTHETIC"
"SIM-S0036-M1","SIM-S0036","SILICA","SILICA-LOT-6","100","kg","2026-09-01T14:35:00Z","SYNTHETIC"
"SIM-S0036-M2","SIM-S0036","ADDITIVE","ADDITIVE-LOT-6","10","kg","2026-09-01T14:35:00Z","SYNTHETIC"
"SIM-S0036-M3","SIM-S0036","DIW","DIW-LOT-6","890","kg","2026-09-01T14:35:00Z","SYNTHETIC"
"SIM-S0037-M1","SIM-S0037","SILICA","SILICA-LOT-7","100","kg","2026-09-01T16:05:00Z","SYNTHETIC"
"SIM-S0037-M2","SIM-S0037","ADDITIVE","ADDITIVE-LOT-7","10","kg","2026-09-01T16:05:00Z","SYNTHETIC"
"SIM-S0037-M3","SIM-S0037","DIW","DIW-LOT-7","890","kg","2026-09-01T16:05:00Z","SYNTHETIC"
"SIM-S0038-M1","SIM-S0038","SILICA","SILICA-LOT-7","100","kg","2026-09-01T16:05:00Z","SYNTHETIC"
"SIM-S0038-M2","SIM-S0038","ADDITIVE","ADDITIVE-LOT-7","10","kg","2026-09-01T16:05:00Z","SYNTHETIC"
"SIM-S0038-M3","SIM-S0038","DIW","DIW-LOT-7","890","kg","2026-09-01T16:05:00Z","SYNTHETIC"
"SIM-S0039-M1","SIM-S0039","SILICA","SILICA-LOT-7","100","kg","2026-09-01T16:05:00Z","SYNTHETIC"
"SIM-S0039-M2","SIM-S0039","ADDITIVE","ADDITIVE-LOT-7","10","kg","2026-09-01T16:05:00Z","SYNTHETIC"
"SIM-S0039-M3","SIM-S0039","DIW","DIW-LOT-7","890","kg","2026-09-01T16:05:00Z","SYNTHETIC"
"SIM-S0040-M1","SIM-S0040","SILICA","SILICA-LOT-7","100","kg","2026-09-01T17:35:00Z","SYNTHETIC"
"SIM-S0040-M2","SIM-S0040","ADDITIVE","ADDITIVE-LOT-7","10","kg","2026-09-01T17:35:00Z","SYNTHETIC"
"SIM-S0040-M3","SIM-S0040","DIW","DIW-LOT-7","890","kg","2026-09-01T17:35:00Z","SYNTHETIC"
"SIM-S0041-M1","SIM-S0041","SILICA","SILICA-LOT-7","100","kg","2026-09-01T17:35:00Z","SYNTHETIC"
"SIM-S0041-M2","SIM-S0041","ADDITIVE","ADDITIVE-LOT-7","10","kg","2026-09-01T17:35:00Z","SYNTHETIC"
"SIM-S0041-M3","SIM-S0041","DIW","DIW-LOT-7","890","kg","2026-09-01T17:35:00Z","SYNTHETIC"
"SIM-S0042-M1","SIM-S0042","SILICA","SILICA-LOT-7","100","kg","2026-09-01T17:35:00Z","SYNTHETIC"
"SIM-S0042-M2","SIM-S0042","ADDITIVE","ADDITIVE-LOT-7","10","kg","2026-09-01T17:35:00Z","SYNTHETIC"
"SIM-S0042-M3","SIM-S0042","DIW","DIW-LOT-7","890","kg","2026-09-01T17:35:00Z","SYNTHETIC"
"SIM-S0043-M1","SIM-S0043","SILICA","SILICA-LOT-8","100","kg","2026-09-01T19:05:00Z","SYNTHETIC"
"SIM-S0043-M2","SIM-S0043","ADDITIVE","ADDITIVE-LOT-8","10","kg","2026-09-01T19:05:00Z","SYNTHETIC"
"SIM-S0043-M3","SIM-S0043","DIW","DIW-LOT-8","890","kg","2026-09-01T19:05:00Z","SYNTHETIC"
"SIM-S0044-M1","SIM-S0044","SILICA","SILICA-LOT-8","100","kg","2026-09-01T19:05:00Z","SYNTHETIC"
"SIM-S0044-M2","SIM-S0044","ADDITIVE","ADDITIVE-LOT-8","10","kg","2026-09-01T19:05:00Z","SYNTHETIC"
"SIM-S0044-M3","SIM-S0044","DIW","DIW-LOT-8","890","kg","2026-09-01T19:05:00Z","SYNTHETIC"
"SIM-S0045-M1","SIM-S0045","SILICA","SILICA-LOT-8","100","kg","2026-09-01T19:05:00Z","SYNTHETIC"
"SIM-S0045-M2","SIM-S0045","ADDITIVE","ADDITIVE-LOT-8","10","kg","2026-09-01T19:05:00Z","SYNTHETIC"
"SIM-S0045-M3","SIM-S0045","DIW","DIW-LOT-8","890","kg","2026-09-01T19:05:00Z","SYNTHETIC"
"SIM-S0046-M1","SIM-S0046","SILICA","SILICA-LOT-8","100","kg","2026-09-01T20:35:00Z","SYNTHETIC"
"SIM-S0046-M2","SIM-S0046","ADDITIVE","ADDITIVE-LOT-8","10","kg","2026-09-01T20:35:00Z","SYNTHETIC"
"SIM-S0046-M3","SIM-S0046","DIW","DIW-LOT-8","890","kg","2026-09-01T20:35:00Z","SYNTHETIC"
"SIM-S0047-M1","SIM-S0047","SILICA","SILICA-LOT-8","100","kg","2026-09-01T20:35:00Z","SYNTHETIC"
"SIM-S0047-M2","SIM-S0047","ADDITIVE","ADDITIVE-LOT-8","10","kg","2026-09-01T20:35:00Z","SYNTHETIC"
"SIM-S0047-M3","SIM-S0047","DIW","DIW-LOT-8","890","kg","2026-09-01T20:35:00Z","SYNTHETIC"
"SIM-S0048-M1","SIM-S0048","SILICA","SILICA-LOT-8","100","kg","2026-09-01T20:35:00Z","SYNTHETIC"
"SIM-S0048-M2","SIM-S0048","ADDITIVE","ADDITIVE-LOT-8","10","kg","2026-09-01T20:35:00Z","SYNTHETIC"
"SIM-S0048-M3","SIM-S0048","DIW","DIW-LOT-8","890","kg","2026-09-01T20:35:00Z","SYNTHETIC"
"SIM-S0049-M1","SIM-S0049","SILICA","SILICA-LOT-9","100","kg","2026-09-01T22:05:00Z","SYNTHETIC"
"SIM-S0049-M2","SIM-S0049","ADDITIVE","ADDITIVE-LOT-9","10","kg","2026-09-01T22:05:00Z","SYNTHETIC"
"SIM-S0049-M3","SIM-S0049","DIW","DIW-LOT-9","890","kg","2026-09-01T22:05:00Z","SYNTHETIC"
"SIM-S0050-M1","SIM-S0050","SILICA","SILICA-LOT-9","100","kg","2026-09-01T22:05:00Z","SYNTHETIC"
"SIM-S0050-M2","SIM-S0050","ADDITIVE","ADDITIVE-LOT-9","10","kg","2026-09-01T22:05:00Z","SYNTHETIC"
"SIM-S0050-M3","SIM-S0050","DIW","DIW-LOT-9","890","kg","2026-09-01T22:05:00Z","SYNTHETIC"
"SIM-S0051-M1","SIM-S0051","SILICA","SILICA-LOT-9","100","kg","2026-09-01T22:05:00Z","SYNTHETIC"
"SIM-S0051-M2","SIM-S0051","ADDITIVE","ADDITIVE-LOT-9","10","kg","2026-09-01T22:05:00Z","SYNTHETIC"
"SIM-S0051-M3","SIM-S0051","DIW","DIW-LOT-9","890","kg","2026-09-01T22:05:00Z","SYNTHETIC"
"SIM-S0052-M1","SIM-S0052","SILICA","SILICA-LOT-9","100","kg","2026-09-01T23:35:00Z","SYNTHETIC"
"SIM-S0052-M2","SIM-S0052","ADDITIVE","ADDITIVE-LOT-9","10","kg","2026-09-01T23:35:00Z","SYNTHETIC"
"SIM-S0052-M3","SIM-S0052","DIW","DIW-LOT-9","890","kg","2026-09-01T23:35:00Z","SYNTHETIC"
"SIM-S0053-M1","SIM-S0053","SILICA","SILICA-LOT-9","100","kg","2026-09-01T23:35:00Z","SYNTHETIC"
"SIM-S0053-M2","SIM-S0053","ADDITIVE","ADDITIVE-LOT-9","10","kg","2026-09-01T23:35:00Z","SYNTHETIC"
"SIM-S0053-M3","SIM-S0053","DIW","DIW-LOT-9","890","kg","2026-09-01T23:35:00Z","SYNTHETIC"
"SIM-S0054-M1","SIM-S0054","SILICA","SILICA-LOT-9","100","kg","2026-09-01T23:35:00Z","SYNTHETIC"
"SIM-S0054-M2","SIM-S0054","ADDITIVE","ADDITIVE-LOT-9","10","kg","2026-09-01T23:35:00Z","SYNTHETIC"
"SIM-S0054-M3","SIM-S0054","DIW","DIW-LOT-9","890","kg","2026-09-01T23:35:00Z","SYNTHETIC"
"SIM-S0055-M1","SIM-S0055","SILICA","SILICA-LOT-10","100","kg","2026-09-02T01:05:00Z","SYNTHETIC"
"SIM-S0055-M2","SIM-S0055","ADDITIVE","ADDITIVE-LOT-10","10","kg","2026-09-02T01:05:00Z","SYNTHETIC"
"SIM-S0055-M3","SIM-S0055","DIW","DIW-LOT-10","890","kg","2026-09-02T01:05:00Z","SYNTHETIC"
"SIM-S0056-M1","SIM-S0056","SILICA","SILICA-LOT-10","100","kg","2026-09-02T01:05:00Z","SYNTHETIC"
"SIM-S0056-M2","SIM-S0056","ADDITIVE","ADDITIVE-LOT-10","10","kg","2026-09-02T01:05:00Z","SYNTHETIC"
"SIM-S0056-M3","SIM-S0056","DIW","DIW-LOT-10","890","kg","2026-09-02T01:05:00Z","SYNTHETIC"
"SIM-S0057-M1","SIM-S0057","SILICA","SILICA-LOT-10","100","kg","2026-09-02T01:05:00Z","SYNTHETIC"
"SIM-S0057-M2","SIM-S0057","ADDITIVE","ADDITIVE-LOT-10","10","kg","2026-09-02T01:05:00Z","SYNTHETIC"
"SIM-S0057-M3","SIM-S0057","DIW","DIW-LOT-10","890","kg","2026-09-02T01:05:00Z","SYNTHETIC"
"SIM-S0058-M1","SIM-S0058","SILICA","SILICA-LOT-10","100","kg","2026-09-02T02:35:00Z","SYNTHETIC"
"SIM-S0058-M2","SIM-S0058","ADDITIVE","ADDITIVE-LOT-10","10","kg","2026-09-02T02:35:00Z","SYNTHETIC"
"SIM-S0058-M3","SIM-S0058","DIW","DIW-LOT-10","890","kg","2026-09-02T02:35:00Z","SYNTHETIC"
"SIM-S0059-M1","SIM-S0059","SILICA","SILICA-LOT-10","100","kg","2026-09-02T02:35:00Z","SYNTHETIC"
"SIM-S0059-M2","SIM-S0059","ADDITIVE","ADDITIVE-LOT-10","10","kg","2026-09-02T02:35:00Z","SYNTHETIC"
"SIM-S0059-M3","SIM-S0059","DIW","DIW-LOT-10","890","kg","2026-09-02T02:35:00Z","SYNTHETIC"
"SIM-S0060-M1","SIM-S0060","SILICA","SILICA-LOT-10","100","kg","2026-09-02T02:35:00Z","SYNTHETIC"
"SIM-S0060-M2","SIM-S0060","ADDITIVE","ADDITIVE-LOT-10","10","kg","2026-09-02T02:35:00Z","SYNTHETIC"
"SIM-S0060-M3","SIM-S0060","DIW","DIW-LOT-10","890","kg","2026-09-02T02:35:00Z","SYNTHETIC"
"SIM-S0061-M1","SIM-S0061","SILICA","SILICA-LOT-11","100","kg","2026-09-02T04:05:00Z","SYNTHETIC"
"SIM-S0061-M2","SIM-S0061","ADDITIVE","ADDITIVE-LOT-11","10","kg","2026-09-02T04:05:00Z","SYNTHETIC"
"SIM-S0061-M3","SIM-S0061","DIW","DIW-LOT-11","890","kg","2026-09-02T04:05:00Z","SYNTHETIC"
"SIM-S0062-M1","SIM-S0062","SILICA","SILICA-LOT-11","100","kg","2026-09-02T04:05:00Z","SYNTHETIC"
"SIM-S0062-M2","SIM-S0062","ADDITIVE","ADDITIVE-LOT-11","10","kg","2026-09-02T04:05:00Z","SYNTHETIC"
"SIM-S0062-M3","SIM-S0062","DIW","DIW-LOT-11","890","kg","2026-09-02T04:05:00Z","SYNTHETIC"
"SIM-S0063-M1","SIM-S0063","SILICA","SILICA-LOT-11","100","kg","2026-09-02T04:05:00Z","SYNTHETIC"
"SIM-S0063-M2","SIM-S0063","ADDITIVE","ADDITIVE-LOT-11","10","kg","2026-09-02T04:05:00Z","SYNTHETIC"
"SIM-S0063-M3","SIM-S0063","DIW","DIW-LOT-11","890","kg","2026-09-02T04:05:00Z","SYNTHETIC"
"SIM-S0064-M1","SIM-S0064","SILICA","SILICA-LOT-11","100","kg","2026-09-02T05:35:00Z","SYNTHETIC"
"SIM-S0064-M2","SIM-S0064","ADDITIVE","ADDITIVE-LOT-11","10","kg","2026-09-02T05:35:00Z","SYNTHETIC"
"SIM-S0064-M3","SIM-S0064","DIW","DIW-LOT-11","890","kg","2026-09-02T05:35:00Z","SYNTHETIC"
"SIM-S0065-M1","SIM-S0065","SILICA","SILICA-LOT-11","100","kg","2026-09-02T05:35:00Z","SYNTHETIC"
"SIM-S0065-M2","SIM-S0065","ADDITIVE","ADDITIVE-LOT-11","10","kg","2026-09-02T05:35:00Z","SYNTHETIC"
"SIM-S0065-M3","SIM-S0065","DIW","DIW-LOT-11","890","kg","2026-09-02T05:35:00Z","SYNTHETIC"
"SIM-S0066-M1","SIM-S0066","SILICA","SILICA-LOT-11","100","kg","2026-09-02T05:35:00Z","SYNTHETIC"
"SIM-S0066-M2","SIM-S0066","ADDITIVE","ADDITIVE-LOT-11","10","kg","2026-09-02T05:35:00Z","SYNTHETIC"
"SIM-S0066-M3","SIM-S0066","DIW","DIW-LOT-11","890","kg","2026-09-02T05:35:00Z","SYNTHETIC"
"SIM-S0067-M1","SIM-S0067","SILICA","SILICA-LOT-12","100","kg","2026-09-02T07:05:00Z","SYNTHETIC"
"SIM-S0067-M2","SIM-S0067","ADDITIVE","ADDITIVE-LOT-12","10","kg","2026-09-02T07:05:00Z","SYNTHETIC"
"SIM-S0067-M3","SIM-S0067","DIW","DIW-LOT-12","890","kg","2026-09-02T07:05:00Z","SYNTHETIC"
"SIM-S0068-M1","SIM-S0068","SILICA","SILICA-LOT-12","100","kg","2026-09-02T07:05:00Z","SYNTHETIC"
"SIM-S0068-M2","SIM-S0068","ADDITIVE","ADDITIVE-LOT-12","10","kg","2026-09-02T07:05:00Z","SYNTHETIC"
"SIM-S0068-M3","SIM-S0068","DIW","DIW-LOT-12","890","kg","2026-09-02T07:05:00Z","SYNTHETIC"
"SIM-S0069-M1","SIM-S0069","SILICA","SILICA-LOT-12","100","kg","2026-09-02T07:05:00Z","SYNTHETIC"
"SIM-S0069-M2","SIM-S0069","ADDITIVE","ADDITIVE-LOT-12","10","kg","2026-09-02T07:05:00Z","SYNTHETIC"
"SIM-S0069-M3","SIM-S0069","DIW","DIW-LOT-12","890","kg","2026-09-02T07:05:00Z","SYNTHETIC"
"SIM-S0070-M1","SIM-S0070","SILICA","SILICA-LOT-12","100","kg","2026-09-02T08:35:00Z","SYNTHETIC"
"SIM-S0070-M2","SIM-S0070","ADDITIVE","ADDITIVE-LOT-12","10","kg","2026-09-02T08:35:00Z","SYNTHETIC"
"SIM-S0070-M3","SIM-S0070","DIW","DIW-LOT-12","890","kg","2026-09-02T08:35:00Z","SYNTHETIC"
"SIM-S0071-M1","SIM-S0071","SILICA","SILICA-LOT-12","100","kg","2026-09-02T08:35:00Z","SYNTHETIC"
"SIM-S0071-M2","SIM-S0071","ADDITIVE","ADDITIVE-LOT-12","10","kg","2026-09-02T08:35:00Z","SYNTHETIC"
"SIM-S0071-M3","SIM-S0071","DIW","DIW-LOT-12","890","kg","2026-09-02T08:35:00Z","SYNTHETIC"
"SIM-S0072-M1","SIM-S0072","SILICA","SILICA-LOT-12","100","kg","2026-09-02T08:35:00Z","SYNTHETIC"
"SIM-S0072-M2","SIM-S0072","ADDITIVE","ADDITIVE-LOT-12","10","kg","2026-09-02T08:35:00Z","SYNTHETIC"
"SIM-S0072-M3","SIM-S0072","DIW","DIW-LOT-12","890","kg","2026-09-02T08:35:00Z","SYNTHETIC"
"SIM-S0073-M1","SIM-S0073","SILICA","SILICA-LOT-13","100","kg","2026-09-02T10:05:00Z","SYNTHETIC"
"SIM-S0073-M2","SIM-S0073","ADDITIVE","ADDITIVE-LOT-13","10","kg","2026-09-02T10:05:00Z","SYNTHETIC"
"SIM-S0073-M3","SIM-S0073","DIW","DIW-LOT-13","890","kg","2026-09-02T10:05:00Z","SYNTHETIC"
"SIM-S0074-M1","SIM-S0074","SILICA","SILICA-LOT-13","100","kg","2026-09-02T10:05:00Z","SYNTHETIC"
"SIM-S0074-M2","SIM-S0074","ADDITIVE","ADDITIVE-LOT-13","10","kg","2026-09-02T10:05:00Z","SYNTHETIC"
"SIM-S0074-M3","SIM-S0074","DIW","DIW-LOT-13","890","kg","2026-09-02T10:05:00Z","SYNTHETIC"
"SIM-S0075-M1","SIM-S0075","SILICA","SILICA-LOT-13","100","kg","2026-09-02T10:05:00Z","SYNTHETIC"
"SIM-S0075-M2","SIM-S0075","ADDITIVE","ADDITIVE-LOT-13","10","kg","2026-09-02T10:05:00Z","SYNTHETIC"
"SIM-S0075-M3","SIM-S0075","DIW","DIW-LOT-13","890","kg","2026-09-02T10:05:00Z","SYNTHETIC"
"SIM-S0076-M1","SIM-S0076","SILICA","SILICA-LOT-13","100","kg","2026-09-02T11:35:00Z","SYNTHETIC"
"SIM-S0076-M2","SIM-S0076","ADDITIVE","ADDITIVE-LOT-13","10","kg","2026-09-02T11:35:00Z","SYNTHETIC"
"SIM-S0076-M3","SIM-S0076","DIW","DIW-LOT-13","890","kg","2026-09-02T11:35:00Z","SYNTHETIC"
"SIM-S0077-M1","SIM-S0077","SILICA","SILICA-LOT-13","100","kg","2026-09-02T11:35:00Z","SYNTHETIC"
"SIM-S0077-M2","SIM-S0077","ADDITIVE","ADDITIVE-LOT-13","10","kg","2026-09-02T11:35:00Z","SYNTHETIC"
"SIM-S0077-M3","SIM-S0077","DIW","DIW-LOT-13","890","kg","2026-09-02T11:35:00Z","SYNTHETIC"
"SIM-S0078-M1","SIM-S0078","SILICA","SILICA-LOT-13","100","kg","2026-09-02T11:35:00Z","SYNTHETIC"
"SIM-S0078-M2","SIM-S0078","ADDITIVE","ADDITIVE-LOT-13","10","kg","2026-09-02T11:35:00Z","SYNTHETIC"
"SIM-S0078-M3","SIM-S0078","DIW","DIW-LOT-13","890","kg","2026-09-02T11:35:00Z","SYNTHETIC"
"SIM-S0079-M1","SIM-S0079","SILICA","SILICA-LOT-14","100","kg","2026-09-02T13:05:00Z","SYNTHETIC"
"SIM-S0079-M2","SIM-S0079","ADDITIVE","ADDITIVE-LOT-14","10","kg","2026-09-02T13:05:00Z","SYNTHETIC"
"SIM-S0079-M3","SIM-S0079","DIW","DIW-LOT-14","890","kg","2026-09-02T13:05:00Z","SYNTHETIC"
"SIM-S0080-M1","SIM-S0080","SILICA","SILICA-LOT-14","100","kg","2026-09-02T13:05:00Z","SYNTHETIC"
"SIM-S0080-M2","SIM-S0080","ADDITIVE","ADDITIVE-LOT-14","10","kg","2026-09-02T13:05:00Z","SYNTHETIC"
"SIM-S0080-M3","SIM-S0080","DIW","DIW-LOT-14","890","kg","2026-09-02T13:05:00Z","SYNTHETIC"
"SIM-S0081-M1","SIM-S0081","SILICA","SILICA-LOT-14","100","kg","2026-09-02T13:05:00Z","SYNTHETIC"
"SIM-S0081-M2","SIM-S0081","ADDITIVE","ADDITIVE-LOT-14","10","kg","2026-09-02T13:05:00Z","SYNTHETIC"
"SIM-S0081-M3","SIM-S0081","DIW","DIW-LOT-14","890","kg","2026-09-02T13:05:00Z","SYNTHETIC"
"SIM-S0082-M1","SIM-S0082","SILICA","SILICA-LOT-14","100","kg","2026-09-02T14:35:00Z","SYNTHETIC"
"SIM-S0082-M2","SIM-S0082","ADDITIVE","ADDITIVE-LOT-14","10","kg","2026-09-02T14:35:00Z","SYNTHETIC"
"SIM-S0082-M3","SIM-S0082","DIW","DIW-LOT-14","890","kg","2026-09-02T14:35:00Z","SYNTHETIC"
"SIM-S0083-M1","SIM-S0083","SILICA","SILICA-LOT-14","100","kg","2026-09-02T14:35:00Z","SYNTHETIC"
"SIM-S0083-M2","SIM-S0083","ADDITIVE","ADDITIVE-LOT-14","10","kg","2026-09-02T14:35:00Z","SYNTHETIC"
"SIM-S0083-M3","SIM-S0083","DIW","DIW-LOT-14","890","kg","2026-09-02T14:35:00Z","SYNTHETIC"
"SIM-S0084-M1","SIM-S0084","SILICA","SILICA-LOT-14","100","kg","2026-09-02T14:35:00Z","SYNTHETIC"
"SIM-S0084-M2","SIM-S0084","ADDITIVE","ADDITIVE-LOT-14","10","kg","2026-09-02T14:35:00Z","SYNTHETIC"
"SIM-S0084-M3","SIM-S0084","DIW","DIW-LOT-14","890","kg","2026-09-02T14:35:00Z","SYNTHETIC"
"SIM-S0085-M1","SIM-S0085","SILICA","SILICA-LOT-15","100","kg","2026-09-02T16:05:00Z","SYNTHETIC"
"SIM-S0085-M2","SIM-S0085","ADDITIVE","ADDITIVE-LOT-15","10","kg","2026-09-02T16:05:00Z","SYNTHETIC"
"SIM-S0085-M3","SIM-S0085","DIW","DIW-LOT-15","890","kg","2026-09-02T16:05:00Z","SYNTHETIC"
"SIM-S0086-M1","SIM-S0086","SILICA","SILICA-LOT-15","100","kg","2026-09-02T16:05:00Z","SYNTHETIC"
"SIM-S0086-M2","SIM-S0086","ADDITIVE","ADDITIVE-LOT-15","10","kg","2026-09-02T16:05:00Z","SYNTHETIC"
"SIM-S0086-M3","SIM-S0086","DIW","DIW-LOT-15","890","kg","2026-09-02T16:05:00Z","SYNTHETIC"
"SIM-S0087-M1","SIM-S0087","SILICA","SILICA-LOT-15","100","kg","2026-09-02T16:05:00Z","SYNTHETIC"
"SIM-S0087-M2","SIM-S0087","ADDITIVE","ADDITIVE-LOT-15","10","kg","2026-09-02T16:05:00Z","SYNTHETIC"
"SIM-S0087-M3","SIM-S0087","DIW","DIW-LOT-15","890","kg","2026-09-02T16:05:00Z","SYNTHETIC"
"SIM-S0088-M1","SIM-S0088","SILICA","SILICA-LOT-15","100","kg","2026-09-02T17:35:00Z","SYNTHETIC"
"SIM-S0088-M2","SIM-S0088","ADDITIVE","ADDITIVE-LOT-15","10","kg","2026-09-02T17:35:00Z","SYNTHETIC"
"SIM-S0088-M3","SIM-S0088","DIW","DIW-LOT-15","890","kg","2026-09-02T17:35:00Z","SYNTHETIC"
"SIM-S0089-M1","SIM-S0089","SILICA","SILICA-LOT-15","100","kg","2026-09-02T17:35:00Z","SYNTHETIC"
"SIM-S0089-M2","SIM-S0089","ADDITIVE","ADDITIVE-LOT-15","10","kg","2026-09-02T17:35:00Z","SYNTHETIC"
"SIM-S0089-M3","SIM-S0089","DIW","DIW-LOT-15","890","kg","2026-09-02T17:35:00Z","SYNTHETIC"
"SIM-S0090-M1","SIM-S0090","SILICA","SILICA-LOT-15","100","kg","2026-09-02T17:35:00Z","SYNTHETIC"
"SIM-S0090-M2","SIM-S0090","ADDITIVE","ADDITIVE-LOT-15","10","kg","2026-09-02T17:35:00Z","SYNTHETIC"
"SIM-S0090-M3","SIM-S0090","DIW","DIW-LOT-15","890","kg","2026-09-02T17:35:00Z","SYNTHETIC"
"SIM-S0091-M1","SIM-S0091","SILICA","SILICA-LOT-16","100","kg","2026-09-02T19:05:00Z","SYNTHETIC"
"SIM-S0091-M2","SIM-S0091","ADDITIVE","ADDITIVE-LOT-16","10","kg","2026-09-02T19:05:00Z","SYNTHETIC"
"SIM-S0091-M3","SIM-S0091","DIW","DIW-LOT-16","890","kg","2026-09-02T19:05:00Z","SYNTHETIC"
"SIM-S0092-M1","SIM-S0092","SILICA","SILICA-LOT-16","100","kg","2026-09-02T19:05:00Z","SYNTHETIC"
"SIM-S0092-M2","SIM-S0092","ADDITIVE","ADDITIVE-LOT-16","10","kg","2026-09-02T19:05:00Z","SYNTHETIC"
"SIM-S0092-M3","SIM-S0092","DIW","DIW-LOT-16","890","kg","2026-09-02T19:05:00Z","SYNTHETIC"
"SIM-S0093-M1","SIM-S0093","SILICA","SILICA-LOT-16","100","kg","2026-09-02T19:05:00Z","SYNTHETIC"
"SIM-S0093-M2","SIM-S0093","ADDITIVE","ADDITIVE-LOT-16","10","kg","2026-09-02T19:05:00Z","SYNTHETIC"
"SIM-S0093-M3","SIM-S0093","DIW","DIW-LOT-16","890","kg","2026-09-02T19:05:00Z","SYNTHETIC"
"SIM-S0094-M1","SIM-S0094","SILICA","SILICA-LOT-16","100","kg","2026-09-02T20:35:00Z","SYNTHETIC"
"SIM-S0094-M2","SIM-S0094","ADDITIVE","ADDITIVE-LOT-16","10","kg","2026-09-02T20:35:00Z","SYNTHETIC"
"SIM-S0094-M3","SIM-S0094","DIW","DIW-LOT-16","890","kg","2026-09-02T20:35:00Z","SYNTHETIC"
"SIM-S0095-M1","SIM-S0095","SILICA","SILICA-LOT-16","100","kg","2026-09-02T20:35:00Z","SYNTHETIC"
"SIM-S0095-M2","SIM-S0095","ADDITIVE","ADDITIVE-LOT-16","10","kg","2026-09-02T20:35:00Z","SYNTHETIC"
"SIM-S0095-M3","SIM-S0095","DIW","DIW-LOT-16","890","kg","2026-09-02T20:35:00Z","SYNTHETIC"
"SIM-S0096-M1","SIM-S0096","SILICA","SILICA-LOT-16","100","kg","2026-09-02T20:35:00Z","SYNTHETIC"
"SIM-S0096-M2","SIM-S0096","ADDITIVE","ADDITIVE-LOT-16","10","kg","2026-09-02T20:35:00Z","SYNTHETIC"
"SIM-S0096-M3","SIM-S0096","DIW","DIW-LOT-16","890","kg","2026-09-02T20:35:00Z","SYNTHETIC"
"SIM-S0097-M1","SIM-S0097","SILICA","SILICA-LOT-17","100","kg","2026-09-02T22:05:00Z","SYNTHETIC"
"SIM-S0097-M2","SIM-S0097","ADDITIVE","ADDITIVE-LOT-17","10","kg","2026-09-02T22:05:00Z","SYNTHETIC"
"SIM-S0097-M3","SIM-S0097","DIW","DIW-LOT-17","890","kg","2026-09-02T22:05:00Z","SYNTHETIC"
"SIM-S0098-M1","SIM-S0098","SILICA","SILICA-LOT-17","100","kg","2026-09-02T22:05:00Z","SYNTHETIC"
"SIM-S0098-M2","SIM-S0098","ADDITIVE","ADDITIVE-LOT-17","10","kg","2026-09-02T22:05:00Z","SYNTHETIC"
"SIM-S0098-M3","SIM-S0098","DIW","DIW-LOT-17","890","kg","2026-09-02T22:05:00Z","SYNTHETIC"
"SIM-S0099-M1","SIM-S0099","SILICA","SILICA-LOT-17","100","kg","2026-09-02T22:05:00Z","SYNTHETIC"
"SIM-S0099-M2","SIM-S0099","ADDITIVE","ADDITIVE-LOT-17","10","kg","2026-09-02T22:05:00Z","SYNTHETIC"
"SIM-S0099-M3","SIM-S0099","DIW","DIW-LOT-17","890","kg","2026-09-02T22:05:00Z","SYNTHETIC"
"SIM-S0100-M1","SIM-S0100","SILICA","SILICA-LOT-17","100","kg","2026-09-02T23:35:00Z","SYNTHETIC"
"SIM-S0100-M2","SIM-S0100","ADDITIVE","ADDITIVE-LOT-17","10","kg","2026-09-02T23:35:00Z","SYNTHETIC"
"SIM-S0100-M3","SIM-S0100","DIW","DIW-LOT-17","890","kg","2026-09-02T23:35:00Z","SYNTHETIC"
"SIM-S0101-M1","SIM-S0101","SILICA","SILICA-LOT-17","100","kg","2026-09-02T23:35:00Z","SYNTHETIC"
"SIM-S0101-M2","SIM-S0101","ADDITIVE","ADDITIVE-LOT-17","10","kg","2026-09-02T23:35:00Z","SYNTHETIC"
"SIM-S0101-M3","SIM-S0101","DIW","DIW-LOT-17","890","kg","2026-09-02T23:35:00Z","SYNTHETIC"
"SIM-S0102-M1","SIM-S0102","SILICA","SILICA-LOT-17","100","kg","2026-09-02T23:35:00Z","SYNTHETIC"
"SIM-S0102-M2","SIM-S0102","ADDITIVE","ADDITIVE-LOT-17","10","kg","2026-09-02T23:35:00Z","SYNTHETIC"
"SIM-S0102-M3","SIM-S0102","DIW","DIW-LOT-17","890","kg","2026-09-02T23:35:00Z","SYNTHETIC"
"SIM-S0103-M1","SIM-S0103","SILICA","SILICA-LOT-18","100","kg","2026-09-03T01:05:00Z","SYNTHETIC"
"SIM-S0103-M2","SIM-S0103","ADDITIVE","ADDITIVE-LOT-18","10","kg","2026-09-03T01:05:00Z","SYNTHETIC"
"SIM-S0103-M3","SIM-S0103","DIW","DIW-LOT-18","890","kg","2026-09-03T01:05:00Z","SYNTHETIC"
"SIM-S0104-M1","SIM-S0104","SILICA","SILICA-LOT-18","100","kg","2026-09-03T01:05:00Z","SYNTHETIC"
"SIM-S0104-M2","SIM-S0104","ADDITIVE","ADDITIVE-LOT-18","10","kg","2026-09-03T01:05:00Z","SYNTHETIC"
"SIM-S0104-M3","SIM-S0104","DIW","DIW-LOT-18","890","kg","2026-09-03T01:05:00Z","SYNTHETIC"
"SIM-S0105-M1","SIM-S0105","SILICA","SILICA-LOT-18","100","kg","2026-09-03T01:05:00Z","SYNTHETIC"
"SIM-S0105-M2","SIM-S0105","ADDITIVE","ADDITIVE-LOT-18","10","kg","2026-09-03T01:05:00Z","SYNTHETIC"
"SIM-S0105-M3","SIM-S0105","DIW","DIW-LOT-18","890","kg","2026-09-03T01:05:00Z","SYNTHETIC"
"SIM-S0106-M1","SIM-S0106","SILICA","SILICA-LOT-18","100","kg","2026-09-03T02:35:00Z","SYNTHETIC"
"SIM-S0106-M2","SIM-S0106","ADDITIVE","ADDITIVE-LOT-18","10","kg","2026-09-03T02:35:00Z","SYNTHETIC"
"SIM-S0106-M3","SIM-S0106","DIW","DIW-LOT-18","890","kg","2026-09-03T02:35:00Z","SYNTHETIC"
"SIM-S0107-M1","SIM-S0107","SILICA","SILICA-LOT-18","100","kg","2026-09-03T02:35:00Z","SYNTHETIC"
"SIM-S0107-M2","SIM-S0107","ADDITIVE","ADDITIVE-LOT-18","10","kg","2026-09-03T02:35:00Z","SYNTHETIC"
"SIM-S0107-M3","SIM-S0107","DIW","DIW-LOT-18","890","kg","2026-09-03T02:35:00Z","SYNTHETIC"
"SIM-S0108-M1","SIM-S0108","SILICA","SILICA-LOT-18","100","kg","2026-09-03T02:35:00Z","SYNTHETIC"
"SIM-S0108-M2","SIM-S0108","ADDITIVE","ADDITIVE-LOT-18","10","kg","2026-09-03T02:35:00Z","SYNTHETIC"
"SIM-S0108-M3","SIM-S0108","DIW","DIW-LOT-18","890","kg","2026-09-03T02:35:00Z","SYNTHETIC"
"SIM-S0109-M1","SIM-S0109","SILICA","SILICA-LOT-19","100","kg","2026-09-03T04:05:00Z","SYNTHETIC"
"SIM-S0109-M2","SIM-S0109","ADDITIVE","ADDITIVE-LOT-19","10","kg","2026-09-03T04:05:00Z","SYNTHETIC"
"SIM-S0109-M3","SIM-S0109","DIW","DIW-LOT-19","890","kg","2026-09-03T04:05:00Z","SYNTHETIC"
"SIM-S0110-M1","SIM-S0110","SILICA","SILICA-LOT-19","100","kg","2026-09-03T04:05:00Z","SYNTHETIC"
"SIM-S0110-M2","SIM-S0110","ADDITIVE","ADDITIVE-LOT-19","10","kg","2026-09-03T04:05:00Z","SYNTHETIC"
"SIM-S0110-M3","SIM-S0110","DIW","DIW-LOT-19","890","kg","2026-09-03T04:05:00Z","SYNTHETIC"
"SIM-S0111-M1","SIM-S0111","SILICA","SILICA-LOT-19","100","kg","2026-09-03T04:05:00Z","SYNTHETIC"
"SIM-S0111-M2","SIM-S0111","ADDITIVE","ADDITIVE-LOT-19","10","kg","2026-09-03T04:05:00Z","SYNTHETIC"
"SIM-S0111-M3","SIM-S0111","DIW","DIW-LOT-19","890","kg","2026-09-03T04:05:00Z","SYNTHETIC"
"SIM-S0112-M1","SIM-S0112","SILICA","SILICA-LOT-19","100","kg","2026-09-03T05:35:00Z","SYNTHETIC"
"SIM-S0112-M2","SIM-S0112","ADDITIVE","ADDITIVE-LOT-19","10","kg","2026-09-03T05:35:00Z","SYNTHETIC"
"SIM-S0112-M3","SIM-S0112","DIW","DIW-LOT-19","890","kg","2026-09-03T05:35:00Z","SYNTHETIC"
"SIM-S0113-M1","SIM-S0113","SILICA","SILICA-LOT-19","100","kg","2026-09-03T05:35:00Z","SYNTHETIC"
"SIM-S0113-M2","SIM-S0113","ADDITIVE","ADDITIVE-LOT-19","10","kg","2026-09-03T05:35:00Z","SYNTHETIC"
"SIM-S0113-M3","SIM-S0113","DIW","DIW-LOT-19","890","kg","2026-09-03T05:35:00Z","SYNTHETIC"
"SIM-S0114-M1","SIM-S0114","SILICA","SILICA-LOT-19","100","kg","2026-09-03T05:35:00Z","SYNTHETIC"
"SIM-S0114-M2","SIM-S0114","ADDITIVE","ADDITIVE-LOT-19","10","kg","2026-09-03T05:35:00Z","SYNTHETIC"
"SIM-S0114-M3","SIM-S0114","DIW","DIW-LOT-19","890","kg","2026-09-03T05:35:00Z","SYNTHETIC"
"SIM-S0115-M1","SIM-S0115","SILICA","SILICA-LOT-20","100","kg","2026-09-03T07:05:00Z","SYNTHETIC"
"SIM-S0115-M2","SIM-S0115","ADDITIVE","ADDITIVE-LOT-20","10","kg","2026-09-03T07:05:00Z","SYNTHETIC"
"SIM-S0115-M3","SIM-S0115","DIW","DIW-LOT-20","890","kg","2026-09-03T07:05:00Z","SYNTHETIC"
"SIM-S0116-M1","SIM-S0116","SILICA","SILICA-LOT-20","100","kg","2026-09-03T07:05:00Z","SYNTHETIC"
"SIM-S0116-M2","SIM-S0116","ADDITIVE","ADDITIVE-LOT-20","10","kg","2026-09-03T07:05:00Z","SYNTHETIC"
"SIM-S0116-M3","SIM-S0116","DIW","DIW-LOT-20","890","kg","2026-09-03T07:05:00Z","SYNTHETIC"
"SIM-S0117-M1","SIM-S0117","SILICA","SILICA-LOT-20","100","kg","2026-09-03T07:05:00Z","SYNTHETIC"
"SIM-S0117-M2","SIM-S0117","ADDITIVE","ADDITIVE-LOT-20","10","kg","2026-09-03T07:05:00Z","SYNTHETIC"
"SIM-S0117-M3","SIM-S0117","DIW","DIW-LOT-20","890","kg","2026-09-03T07:05:00Z","SYNTHETIC"
"SIM-S0118-M1","SIM-S0118","SILICA","SILICA-LOT-20","100","kg","2026-09-03T08:35:00Z","SYNTHETIC"
"SIM-S0118-M2","SIM-S0118","ADDITIVE","ADDITIVE-LOT-20","10","kg","2026-09-03T08:35:00Z","SYNTHETIC"
"SIM-S0118-M3","SIM-S0118","DIW","DIW-LOT-20","890","kg","2026-09-03T08:35:00Z","SYNTHETIC"
"SIM-S0119-M1","SIM-S0119","SILICA","SILICA-LOT-20","100","kg","2026-09-03T08:35:00Z","SYNTHETIC"
"SIM-S0119-M2","SIM-S0119","ADDITIVE","ADDITIVE-LOT-20","10","kg","2026-09-03T08:35:00Z","SYNTHETIC"
"SIM-S0119-M3","SIM-S0119","DIW","DIW-LOT-20","890","kg","2026-09-03T08:35:00Z","SYNTHETIC"
"SIM-S0120-M1","SIM-S0120","SILICA","SILICA-LOT-20","100","kg","2026-09-03T08:35:00Z","SYNTHETIC"
"SIM-S0120-M2","SIM-S0120","ADDITIVE","ADDITIVE-LOT-20","10","kg","2026-09-03T08:35:00Z","SYNTHETIC"
"SIM-S0120-M3","SIM-S0120","DIW","DIW-LOT-20","890","kg","2026-09-03T08:35:00Z","SYNTHETIC"
"SIM-S0121-M1","SIM-S0121","SILICA","SILICA-LOT-21","100","kg","2026-09-03T10:05:00Z","SYNTHETIC"
"SIM-S0121-M2","SIM-S0121","ADDITIVE","ADDITIVE-LOT-21","10","kg","2026-09-03T10:05:00Z","SYNTHETIC"
"SIM-S0121-M3","SIM-S0121","DIW","DIW-LOT-21","890","kg","2026-09-03T10:05:00Z","SYNTHETIC"
"SIM-S0122-M1","SIM-S0122","SILICA","SILICA-LOT-21","100","kg","2026-09-03T10:05:00Z","SYNTHETIC"
"SIM-S0122-M2","SIM-S0122","ADDITIVE","ADDITIVE-LOT-21","10","kg","2026-09-03T10:05:00Z","SYNTHETIC"
"SIM-S0122-M3","SIM-S0122","DIW","DIW-LOT-21","890","kg","2026-09-03T10:05:00Z","SYNTHETIC"
"SIM-S0123-M1","SIM-S0123","SILICA","SILICA-LOT-21","100","kg","2026-09-03T10:05:00Z","SYNTHETIC"
"SIM-S0123-M2","SIM-S0123","ADDITIVE","ADDITIVE-LOT-21","10","kg","2026-09-03T10:05:00Z","SYNTHETIC"
"SIM-S0123-M3","SIM-S0123","DIW","DIW-LOT-21","890","kg","2026-09-03T10:05:00Z","SYNTHETIC"
"SIM-S0124-M1","SIM-S0124","SILICA","SILICA-LOT-21","100","kg","2026-09-03T11:35:00Z","SYNTHETIC"
"SIM-S0124-M2","SIM-S0124","ADDITIVE","ADDITIVE-LOT-21","10","kg","2026-09-03T11:35:00Z","SYNTHETIC"
"SIM-S0124-M3","SIM-S0124","DIW","DIW-LOT-21","890","kg","2026-09-03T11:35:00Z","SYNTHETIC"
"SIM-S0125-M1","SIM-S0125","SILICA","SILICA-LOT-21","100","kg","2026-09-03T11:35:00Z","SYNTHETIC"
"SIM-S0125-M2","SIM-S0125","ADDITIVE","ADDITIVE-LOT-21","10","kg","2026-09-03T11:35:00Z","SYNTHETIC"
"SIM-S0125-M3","SIM-S0125","DIW","DIW-LOT-21","890","kg","2026-09-03T11:35:00Z","SYNTHETIC"
"SIM-S0126-M1","SIM-S0126","SILICA","SILICA-LOT-21","100","kg","2026-09-03T11:35:00Z","SYNTHETIC"
"SIM-S0126-M2","SIM-S0126","ADDITIVE","ADDITIVE-LOT-21","10","kg","2026-09-03T11:35:00Z","SYNTHETIC"
"SIM-S0126-M3","SIM-S0126","DIW","DIW-LOT-21","890","kg","2026-09-03T11:35:00Z","SYNTHETIC"
"SIM-S0127-M1","SIM-S0127","SILICA","SILICA-LOT-22","100","kg","2026-09-03T13:05:00Z","SYNTHETIC"
"SIM-S0127-M2","SIM-S0127","ADDITIVE","ADDITIVE-LOT-22","10","kg","2026-09-03T13:05:00Z","SYNTHETIC"
"SIM-S0127-M3","SIM-S0127","DIW","DIW-LOT-22","890","kg","2026-09-03T13:05:00Z","SYNTHETIC"
"SIM-S0128-M1","SIM-S0128","SILICA","SILICA-LOT-22","100","kg","2026-09-03T13:05:00Z","SYNTHETIC"
"SIM-S0128-M2","SIM-S0128","ADDITIVE","ADDITIVE-LOT-22","10","kg","2026-09-03T13:05:00Z","SYNTHETIC"
"SIM-S0128-M3","SIM-S0128","DIW","DIW-LOT-22","890","kg","2026-09-03T13:05:00Z","SYNTHETIC"
"SIM-S0129-M1","SIM-S0129","SILICA","SILICA-LOT-22","100","kg","2026-09-03T13:05:00Z","SYNTHETIC"
"SIM-S0129-M2","SIM-S0129","ADDITIVE","ADDITIVE-LOT-22","10","kg","2026-09-03T13:05:00Z","SYNTHETIC"
"SIM-S0129-M3","SIM-S0129","DIW","DIW-LOT-22","890","kg","2026-09-03T13:05:00Z","SYNTHETIC"
"SIM-S0130-M1","SIM-S0130","SILICA","SILICA-LOT-22","100","kg","2026-09-03T14:35:00Z","SYNTHETIC"
"SIM-S0130-M2","SIM-S0130","ADDITIVE","ADDITIVE-LOT-22","10","kg","2026-09-03T14:35:00Z","SYNTHETIC"
"SIM-S0130-M3","SIM-S0130","DIW","DIW-LOT-22","890","kg","2026-09-03T14:35:00Z","SYNTHETIC"
"SIM-S0131-M1","SIM-S0131","SILICA","SILICA-LOT-22","100","kg","2026-09-03T14:35:00Z","SYNTHETIC"
"SIM-S0131-M2","SIM-S0131","ADDITIVE","ADDITIVE-LOT-22","10","kg","2026-09-03T14:35:00Z","SYNTHETIC"
"SIM-S0131-M3","SIM-S0131","DIW","DIW-LOT-22","890","kg","2026-09-03T14:35:00Z","SYNTHETIC"
"SIM-S0132-M1","SIM-S0132","SILICA","SILICA-LOT-22","100","kg","2026-09-03T14:35:00Z","SYNTHETIC"
"SIM-S0132-M2","SIM-S0132","ADDITIVE","ADDITIVE-LOT-22","10","kg","2026-09-03T14:35:00Z","SYNTHETIC"
"SIM-S0132-M3","SIM-S0132","DIW","DIW-LOT-22","890","kg","2026-09-03T14:35:00Z","SYNTHETIC"
"SIM-S0133-M1","SIM-S0133","SILICA","SILICA-LOT-23","100","kg","2026-09-03T16:05:00Z","SYNTHETIC"
"SIM-S0133-M2","SIM-S0133","ADDITIVE","ADDITIVE-LOT-23","10","kg","2026-09-03T16:05:00Z","SYNTHETIC"
"SIM-S0133-M3","SIM-S0133","DIW","DIW-LOT-23","890","kg","2026-09-03T16:05:00Z","SYNTHETIC"
"SIM-S0134-M1","SIM-S0134","SILICA","SILICA-LOT-23","100","kg","2026-09-03T16:05:00Z","SYNTHETIC"
"SIM-S0134-M2","SIM-S0134","ADDITIVE","ADDITIVE-LOT-23","10","kg","2026-09-03T16:05:00Z","SYNTHETIC"
"SIM-S0134-M3","SIM-S0134","DIW","DIW-LOT-23","890","kg","2026-09-03T16:05:00Z","SYNTHETIC"
"SIM-S0135-M1","SIM-S0135","SILICA","SILICA-LOT-23","100","kg","2026-09-03T16:05:00Z","SYNTHETIC"
"SIM-S0135-M2","SIM-S0135","ADDITIVE","ADDITIVE-LOT-23","10","kg","2026-09-03T16:05:00Z","SYNTHETIC"
"SIM-S0135-M3","SIM-S0135","DIW","DIW-LOT-23","890","kg","2026-09-03T16:05:00Z","SYNTHETIC"
"SIM-S0136-M1","SIM-S0136","SILICA","SILICA-LOT-23","100","kg","2026-09-03T17:35:00Z","SYNTHETIC"
"SIM-S0136-M2","SIM-S0136","ADDITIVE","ADDITIVE-LOT-23","10","kg","2026-09-03T17:35:00Z","SYNTHETIC"
"SIM-S0136-M3","SIM-S0136","DIW","DIW-LOT-23","890","kg","2026-09-03T17:35:00Z","SYNTHETIC"
"SIM-S0137-M1","SIM-S0137","SILICA","SILICA-LOT-23","100","kg","2026-09-03T17:35:00Z","SYNTHETIC"
"SIM-S0137-M2","SIM-S0137","ADDITIVE","ADDITIVE-LOT-23","10","kg","2026-09-03T17:35:00Z","SYNTHETIC"
"SIM-S0137-M3","SIM-S0137","DIW","DIW-LOT-23","890","kg","2026-09-03T17:35:00Z","SYNTHETIC"
"SIM-S0138-M1","SIM-S0138","SILICA","SILICA-LOT-23","100","kg","2026-09-03T17:35:00Z","SYNTHETIC"
"SIM-S0138-M2","SIM-S0138","ADDITIVE","ADDITIVE-LOT-23","10","kg","2026-09-03T17:35:00Z","SYNTHETIC"
"SIM-S0138-M3","SIM-S0138","DIW","DIW-LOT-23","890","kg","2026-09-03T17:35:00Z","SYNTHETIC"
"SIM-S0139-M1","SIM-S0139","SILICA","SILICA-LOT-24","100","kg","2026-09-03T19:05:00Z","SYNTHETIC"
"SIM-S0139-M2","SIM-S0139","ADDITIVE","ADDITIVE-LOT-24","10","kg","2026-09-03T19:05:00Z","SYNTHETIC"
"SIM-S0139-M3","SIM-S0139","DIW","DIW-LOT-24","890","kg","2026-09-03T19:05:00Z","SYNTHETIC"
"SIM-S0140-M1","SIM-S0140","SILICA","SILICA-LOT-24","100","kg","2026-09-03T19:05:00Z","SYNTHETIC"
"SIM-S0140-M2","SIM-S0140","ADDITIVE","ADDITIVE-LOT-24","10","kg","2026-09-03T19:05:00Z","SYNTHETIC"
"SIM-S0140-M3","SIM-S0140","DIW","DIW-LOT-24","890","kg","2026-09-03T19:05:00Z","SYNTHETIC"
"SIM-S0141-M1","SIM-S0141","SILICA","SILICA-LOT-24","100","kg","2026-09-03T19:05:00Z","SYNTHETIC"
"SIM-S0141-M2","SIM-S0141","ADDITIVE","ADDITIVE-LOT-24","10","kg","2026-09-03T19:05:00Z","SYNTHETIC"
"SIM-S0141-M3","SIM-S0141","DIW","DIW-LOT-24","890","kg","2026-09-03T19:05:00Z","SYNTHETIC"
"SIM-S0142-M1","SIM-S0142","SILICA","SILICA-LOT-24","100","kg","2026-09-03T20:35:00Z","SYNTHETIC"
"SIM-S0142-M2","SIM-S0142","ADDITIVE","ADDITIVE-LOT-24","10","kg","2026-09-03T20:35:00Z","SYNTHETIC"
"SIM-S0142-M3","SIM-S0142","DIW","DIW-LOT-24","890","kg","2026-09-03T20:35:00Z","SYNTHETIC"
"SIM-S0143-M1","SIM-S0143","SILICA","SILICA-LOT-24","100","kg","2026-09-03T20:35:00Z","SYNTHETIC"
"SIM-S0143-M2","SIM-S0143","ADDITIVE","ADDITIVE-LOT-24","10","kg","2026-09-03T20:35:00Z","SYNTHETIC"
"SIM-S0143-M3","SIM-S0143","DIW","DIW-LOT-24","890","kg","2026-09-03T20:35:00Z","SYNTHETIC"
"SIM-S0144-M1","SIM-S0144","SILICA","SILICA-LOT-24","100","kg","2026-09-03T20:35:00Z","SYNTHETIC"
"SIM-S0144-M2","SIM-S0144","ADDITIVE","ADDITIVE-LOT-24","10","kg","2026-09-03T20:35:00Z","SYNTHETIC"
"SIM-S0144-M3","SIM-S0144","DIW","DIW-LOT-24","890","kg","2026-09-03T20:35:00Z","SYNTHETIC"
"SIM-S0145-M1","SIM-S0145","SILICA","SILICA-LOT-25","100","kg","2026-09-03T22:05:00Z","SYNTHETIC"
"SIM-S0145-M2","SIM-S0145","ADDITIVE","ADDITIVE-LOT-25","10","kg","2026-09-03T22:05:00Z","SYNTHETIC"
"SIM-S0145-M3","SIM-S0145","DIW","DIW-LOT-25","890","kg","2026-09-03T22:05:00Z","SYNTHETIC"
"SIM-S0146-M1","SIM-S0146","SILICA","SILICA-LOT-25","100","kg","2026-09-03T22:05:00Z","SYNTHETIC"
"SIM-S0146-M2","SIM-S0146","ADDITIVE","ADDITIVE-LOT-25","10","kg","2026-09-03T22:05:00Z","SYNTHETIC"
"SIM-S0146-M3","SIM-S0146","DIW","DIW-LOT-25","890","kg","2026-09-03T22:05:00Z","SYNTHETIC"
"SIM-S0147-M1","SIM-S0147","SILICA","SILICA-LOT-25","100","kg","2026-09-03T22:05:00Z","SYNTHETIC"
"SIM-S0147-M2","SIM-S0147","ADDITIVE","ADDITIVE-LOT-25","10","kg","2026-09-03T22:05:00Z","SYNTHETIC"
"SIM-S0147-M3","SIM-S0147","DIW","DIW-LOT-25","890","kg","2026-09-03T22:05:00Z","SYNTHETIC"
"SIM-S0148-M1","SIM-S0148","SILICA","SILICA-LOT-25","100","kg","2026-09-03T23:35:00Z","SYNTHETIC"
"SIM-S0148-M2","SIM-S0148","ADDITIVE","ADDITIVE-LOT-25","10","kg","2026-09-03T23:35:00Z","SYNTHETIC"
"SIM-S0148-M3","SIM-S0148","DIW","DIW-LOT-25","890","kg","2026-09-03T23:35:00Z","SYNTHETIC"
"SIM-S0149-M1","SIM-S0149","SILICA","SILICA-LOT-25","100","kg","2026-09-03T23:35:00Z","SYNTHETIC"
"SIM-S0149-M2","SIM-S0149","ADDITIVE","ADDITIVE-LOT-25","10","kg","2026-09-03T23:35:00Z","SYNTHETIC"
"SIM-S0149-M3","SIM-S0149","DIW","DIW-LOT-25","890","kg","2026-09-03T23:35:00Z","SYNTHETIC"
"SIM-S0150-M1","SIM-S0150","SILICA","SILICA-LOT-25","100","kg","2026-09-03T23:35:00Z","SYNTHETIC"
"SIM-S0150-M2","SIM-S0150","ADDITIVE","ADDITIVE-LOT-25","10","kg","2026-09-03T23:35:00Z","SYNTHETIC"
"SIM-S0150-M3","SIM-S0150","DIW","DIW-LOT-25","890","kg","2026-09-03T23:35:00Z","SYNTHETIC"
"SIM-S0151-M1","SIM-S0151","SILICA","SILICA-LOT-26","100","kg","2026-09-04T01:05:00Z","SYNTHETIC"
"SIM-S0151-M2","SIM-S0151","ADDITIVE","ADDITIVE-LOT-26","10","kg","2026-09-04T01:05:00Z","SYNTHETIC"
"SIM-S0151-M3","SIM-S0151","DIW","DIW-LOT-26","890","kg","2026-09-04T01:05:00Z","SYNTHETIC"
"SIM-S0152-M1","SIM-S0152","SILICA","SILICA-LOT-26","100","kg","2026-09-04T01:05:00Z","SYNTHETIC"
"SIM-S0152-M2","SIM-S0152","ADDITIVE","ADDITIVE-LOT-26","10","kg","2026-09-04T01:05:00Z","SYNTHETIC"
"SIM-S0152-M3","SIM-S0152","DIW","DIW-LOT-26","890","kg","2026-09-04T01:05:00Z","SYNTHETIC"
"SIM-S0153-M1","SIM-S0153","SILICA","SILICA-LOT-26","100","kg","2026-09-04T01:05:00Z","SYNTHETIC"
"SIM-S0153-M2","SIM-S0153","ADDITIVE","ADDITIVE-LOT-26","10","kg","2026-09-04T01:05:00Z","SYNTHETIC"
"SIM-S0153-M3","SIM-S0153","DIW","DIW-LOT-26","890","kg","2026-09-04T01:05:00Z","SYNTHETIC"
"SIM-S0154-M1","SIM-S0154","SILICA","SILICA-LOT-26","100","kg","2026-09-04T02:35:00Z","SYNTHETIC"
"SIM-S0154-M2","SIM-S0154","ADDITIVE","ADDITIVE-LOT-26","10","kg","2026-09-04T02:35:00Z","SYNTHETIC"
"SIM-S0154-M3","SIM-S0154","DIW","DIW-LOT-26","890","kg","2026-09-04T02:35:00Z","SYNTHETIC"
"SIM-S0155-M1","SIM-S0155","SILICA","SILICA-LOT-26","100","kg","2026-09-04T02:35:00Z","SYNTHETIC"
"SIM-S0155-M2","SIM-S0155","ADDITIVE","ADDITIVE-LOT-26","10","kg","2026-09-04T02:35:00Z","SYNTHETIC"
"SIM-S0155-M3","SIM-S0155","DIW","DIW-LOT-26","890","kg","2026-09-04T02:35:00Z","SYNTHETIC"
"SIM-S0156-M1","SIM-S0156","SILICA","SILICA-LOT-26","100","kg","2026-09-04T02:35:00Z","SYNTHETIC"
"SIM-S0156-M2","SIM-S0156","ADDITIVE","ADDITIVE-LOT-26","10","kg","2026-09-04T02:35:00Z","SYNTHETIC"
"SIM-S0156-M3","SIM-S0156","DIW","DIW-LOT-26","890","kg","2026-09-04T02:35:00Z","SYNTHETIC"
"SIM-S0157-M1","SIM-S0157","SILICA","SILICA-LOT-27","100","kg","2026-09-04T04:05:00Z","SYNTHETIC"
"SIM-S0157-M2","SIM-S0157","ADDITIVE","ADDITIVE-LOT-27","10","kg","2026-09-04T04:05:00Z","SYNTHETIC"
"SIM-S0157-M3","SIM-S0157","DIW","DIW-LOT-27","890","kg","2026-09-04T04:05:00Z","SYNTHETIC"
"SIM-S0158-M1","SIM-S0158","SILICA","SILICA-LOT-27","100","kg","2026-09-04T04:05:00Z","SYNTHETIC"
"SIM-S0158-M2","SIM-S0158","ADDITIVE","ADDITIVE-LOT-27","10","kg","2026-09-04T04:05:00Z","SYNTHETIC"
"SIM-S0158-M3","SIM-S0158","DIW","DIW-LOT-27","890","kg","2026-09-04T04:05:00Z","SYNTHETIC"
"SIM-S0159-M1","SIM-S0159","SILICA","SILICA-LOT-27","100","kg","2026-09-04T04:05:00Z","SYNTHETIC"
"SIM-S0159-M2","SIM-S0159","ADDITIVE","ADDITIVE-LOT-27","10","kg","2026-09-04T04:05:00Z","SYNTHETIC"
"SIM-S0159-M3","SIM-S0159","DIW","DIW-LOT-27","890","kg","2026-09-04T04:05:00Z","SYNTHETIC"
"SIM-S0160-M1","SIM-S0160","SILICA","SILICA-LOT-27","100","kg","2026-09-04T05:35:00Z","SYNTHETIC"
"SIM-S0160-M2","SIM-S0160","ADDITIVE","ADDITIVE-LOT-27","10","kg","2026-09-04T05:35:00Z","SYNTHETIC"
"SIM-S0160-M3","SIM-S0160","DIW","DIW-LOT-27","890","kg","2026-09-04T05:35:00Z","SYNTHETIC"
"SIM-S0161-M1","SIM-S0161","SILICA","SILICA-LOT-27","100","kg","2026-09-04T05:35:00Z","SYNTHETIC"
"SIM-S0161-M2","SIM-S0161","ADDITIVE","ADDITIVE-LOT-27","10","kg","2026-09-04T05:35:00Z","SYNTHETIC"
"SIM-S0161-M3","SIM-S0161","DIW","DIW-LOT-27","890","kg","2026-09-04T05:35:00Z","SYNTHETIC"
"SIM-S0162-M1","SIM-S0162","SILICA","SILICA-LOT-27","100","kg","2026-09-04T05:35:00Z","SYNTHETIC"
"SIM-S0162-M2","SIM-S0162","ADDITIVE","ADDITIVE-LOT-27","10","kg","2026-09-04T05:35:00Z","SYNTHETIC"
"SIM-S0162-M3","SIM-S0162","DIW","DIW-LOT-27","890","kg","2026-09-04T05:35:00Z","SYNTHETIC"
"SIM-S0163-M1","SIM-S0163","SILICA","SILICA-LOT-28","100","kg","2026-09-04T07:05:00Z","SYNTHETIC"
"SIM-S0163-M2","SIM-S0163","ADDITIVE","ADDITIVE-LOT-28","10","kg","2026-09-04T07:05:00Z","SYNTHETIC"
"SIM-S0163-M3","SIM-S0163","DIW","DIW-LOT-28","890","kg","2026-09-04T07:05:00Z","SYNTHETIC"
"SIM-S0164-M1","SIM-S0164","SILICA","SILICA-LOT-28","100","kg","2026-09-04T07:05:00Z","SYNTHETIC"
"SIM-S0164-M2","SIM-S0164","ADDITIVE","ADDITIVE-LOT-28","10","kg","2026-09-04T07:05:00Z","SYNTHETIC"
"SIM-S0164-M3","SIM-S0164","DIW","DIW-LOT-28","890","kg","2026-09-04T07:05:00Z","SYNTHETIC"
"SIM-S0165-M1","SIM-S0165","SILICA","SILICA-LOT-28","100","kg","2026-09-04T07:05:00Z","SYNTHETIC"
"SIM-S0165-M2","SIM-S0165","ADDITIVE","ADDITIVE-LOT-28","10","kg","2026-09-04T07:05:00Z","SYNTHETIC"
"SIM-S0165-M3","SIM-S0165","DIW","DIW-LOT-28","890","kg","2026-09-04T07:05:00Z","SYNTHETIC"
"SIM-S0166-M1","SIM-S0166","SILICA","SILICA-LOT-28","100","kg","2026-09-04T08:35:00Z","SYNTHETIC"
"SIM-S0166-M2","SIM-S0166","ADDITIVE","ADDITIVE-LOT-28","10","kg","2026-09-04T08:35:00Z","SYNTHETIC"
"SIM-S0166-M3","SIM-S0166","DIW","DIW-LOT-28","890","kg","2026-09-04T08:35:00Z","SYNTHETIC"
"SIM-S0167-M1","SIM-S0167","SILICA","SILICA-LOT-28","100","kg","2026-09-04T08:35:00Z","SYNTHETIC"
"SIM-S0167-M2","SIM-S0167","ADDITIVE","ADDITIVE-LOT-28","10","kg","2026-09-04T08:35:00Z","SYNTHETIC"
"SIM-S0167-M3","SIM-S0167","DIW","DIW-LOT-28","890","kg","2026-09-04T08:35:00Z","SYNTHETIC"
"SIM-S0168-M1","SIM-S0168","SILICA","SILICA-LOT-28","100","kg","2026-09-04T08:35:00Z","SYNTHETIC"
"SIM-S0168-M2","SIM-S0168","ADDITIVE","ADDITIVE-LOT-28","10","kg","2026-09-04T08:35:00Z","SYNTHETIC"
"SIM-S0168-M3","SIM-S0168","DIW","DIW-LOT-28","890","kg","2026-09-04T08:35:00Z","SYNTHETIC"
"SIM-S0169-M1","SIM-S0169","SILICA","SILICA-LOT-29","100","kg","2026-09-04T10:05:00Z","SYNTHETIC"
"SIM-S0169-M2","SIM-S0169","ADDITIVE","ADDITIVE-LOT-29","10","kg","2026-09-04T10:05:00Z","SYNTHETIC"
"SIM-S0169-M3","SIM-S0169","DIW","DIW-LOT-29","890","kg","2026-09-04T10:05:00Z","SYNTHETIC"
"SIM-S0170-M1","SIM-S0170","SILICA","SILICA-LOT-29","100","kg","2026-09-04T10:05:00Z","SYNTHETIC"
"SIM-S0170-M2","SIM-S0170","ADDITIVE","ADDITIVE-LOT-29","10","kg","2026-09-04T10:05:00Z","SYNTHETIC"
"SIM-S0170-M3","SIM-S0170","DIW","DIW-LOT-29","890","kg","2026-09-04T10:05:00Z","SYNTHETIC"
"SIM-S0171-M1","SIM-S0171","SILICA","SILICA-LOT-29","100","kg","2026-09-04T10:05:00Z","SYNTHETIC"
"SIM-S0171-M2","SIM-S0171","ADDITIVE","ADDITIVE-LOT-29","10","kg","2026-09-04T10:05:00Z","SYNTHETIC"
"SIM-S0171-M3","SIM-S0171","DIW","DIW-LOT-29","890","kg","2026-09-04T10:05:00Z","SYNTHETIC"
"SIM-S0172-M1","SIM-S0172","SILICA","SILICA-LOT-29","100","kg","2026-09-04T11:35:00Z","SYNTHETIC"
"SIM-S0172-M2","SIM-S0172","ADDITIVE","ADDITIVE-LOT-29","10","kg","2026-09-04T11:35:00Z","SYNTHETIC"
"SIM-S0172-M3","SIM-S0172","DIW","DIW-LOT-29","890","kg","2026-09-04T11:35:00Z","SYNTHETIC"
"SIM-S0173-M1","SIM-S0173","SILICA","SILICA-LOT-29","100","kg","2026-09-04T11:35:00Z","SYNTHETIC"
"SIM-S0173-M2","SIM-S0173","ADDITIVE","ADDITIVE-LOT-29","10","kg","2026-09-04T11:35:00Z","SYNTHETIC"
"SIM-S0173-M3","SIM-S0173","DIW","DIW-LOT-29","890","kg","2026-09-04T11:35:00Z","SYNTHETIC"
"SIM-S0174-M1","SIM-S0174","SILICA","SILICA-LOT-29","100","kg","2026-09-04T11:35:00Z","SYNTHETIC"
"SIM-S0174-M2","SIM-S0174","ADDITIVE","ADDITIVE-LOT-29","10","kg","2026-09-04T11:35:00Z","SYNTHETIC"
"SIM-S0174-M3","SIM-S0174","DIW","DIW-LOT-29","890","kg","2026-09-04T11:35:00Z","SYNTHETIC"
"SIM-S0175-M1","SIM-S0175","SILICA","SILICA-LOT-30","100","kg","2026-09-04T13:05:00Z","SYNTHETIC"
"SIM-S0175-M2","SIM-S0175","ADDITIVE","ADDITIVE-LOT-30","10","kg","2026-09-04T13:05:00Z","SYNTHETIC"
"SIM-S0175-M3","SIM-S0175","DIW","DIW-LOT-30","890","kg","2026-09-04T13:05:00Z","SYNTHETIC"
"SIM-S0176-M1","SIM-S0176","SILICA","SILICA-LOT-30","100","kg","2026-09-04T13:05:00Z","SYNTHETIC"
"SIM-S0176-M2","SIM-S0176","ADDITIVE","ADDITIVE-LOT-30","10","kg","2026-09-04T13:05:00Z","SYNTHETIC"
"SIM-S0176-M3","SIM-S0176","DIW","DIW-LOT-30","890","kg","2026-09-04T13:05:00Z","SYNTHETIC"
"SIM-S0177-M1","SIM-S0177","SILICA","SILICA-LOT-30","100","kg","2026-09-04T13:05:00Z","SYNTHETIC"
"SIM-S0177-M2","SIM-S0177","ADDITIVE","ADDITIVE-LOT-30","10","kg","2026-09-04T13:05:00Z","SYNTHETIC"
"SIM-S0177-M3","SIM-S0177","DIW","DIW-LOT-30","890","kg","2026-09-04T13:05:00Z","SYNTHETIC"
"SIM-S0178-M1","SIM-S0178","SILICA","SILICA-LOT-30","100","kg","2026-09-04T14:35:00Z","SYNTHETIC"
"SIM-S0178-M2","SIM-S0178","ADDITIVE","ADDITIVE-LOT-30","10","kg","2026-09-04T14:35:00Z","SYNTHETIC"
"SIM-S0178-M3","SIM-S0178","DIW","DIW-LOT-30","890","kg","2026-09-04T14:35:00Z","SYNTHETIC"
"SIM-S0179-M1","SIM-S0179","SILICA","SILICA-LOT-30","100","kg","2026-09-04T14:35:00Z","SYNTHETIC"
"SIM-S0179-M2","SIM-S0179","ADDITIVE","ADDITIVE-LOT-30","10","kg","2026-09-04T14:35:00Z","SYNTHETIC"
"SIM-S0179-M3","SIM-S0179","DIW","DIW-LOT-30","890","kg","2026-09-04T14:35:00Z","SYNTHETIC"
"SIM-S0180-M1","SIM-S0180","SILICA","SILICA-LOT-30","100","kg","2026-09-04T14:35:00Z","SYNTHETIC"
"SIM-S0180-M2","SIM-S0180","ADDITIVE","ADDITIVE-LOT-30","10","kg","2026-09-04T14:35:00Z","SYNTHETIC"
"SIM-S0180-M3","SIM-S0180","DIW","DIW-LOT-30","890","kg","2026-09-04T14:35:00Z","SYNTHETIC"
"SIM-S0181-M1","SIM-S0181","SILICA","SILICA-LOT-31","100","kg","2026-09-04T16:05:00Z","SYNTHETIC"
"SIM-S0181-M2","SIM-S0181","ADDITIVE","ADDITIVE-LOT-31","10","kg","2026-09-04T16:05:00Z","SYNTHETIC"
"SIM-S0181-M3","SIM-S0181","DIW","DIW-LOT-31","890","kg","2026-09-04T16:05:00Z","SYNTHETIC"
"SIM-S0182-M1","SIM-S0182","SILICA","SILICA-LOT-31","100","kg","2026-09-04T16:05:00Z","SYNTHETIC"
"SIM-S0182-M2","SIM-S0182","ADDITIVE","ADDITIVE-LOT-31","10","kg","2026-09-04T16:05:00Z","SYNTHETIC"
"SIM-S0182-M3","SIM-S0182","DIW","DIW-LOT-31","890","kg","2026-09-04T16:05:00Z","SYNTHETIC"
"SIM-S0183-M1","SIM-S0183","SILICA","SILICA-LOT-31","100","kg","2026-09-04T16:05:00Z","SYNTHETIC"
"SIM-S0183-M2","SIM-S0183","ADDITIVE","ADDITIVE-LOT-31","10","kg","2026-09-04T16:05:00Z","SYNTHETIC"
"SIM-S0183-M3","SIM-S0183","DIW","DIW-LOT-31","890","kg","2026-09-04T16:05:00Z","SYNTHETIC"
"SIM-S0184-M1","SIM-S0184","SILICA","SILICA-LOT-31","100","kg","2026-09-04T17:35:00Z","SYNTHETIC"
"SIM-S0184-M2","SIM-S0184","ADDITIVE","ADDITIVE-LOT-31","10","kg","2026-09-04T17:35:00Z","SYNTHETIC"
"SIM-S0184-M3","SIM-S0184","DIW","DIW-LOT-31","890","kg","2026-09-04T17:35:00Z","SYNTHETIC"
"SIM-S0185-M1","SIM-S0185","SILICA","SILICA-LOT-31","100","kg","2026-09-04T17:35:00Z","SYNTHETIC"
"SIM-S0185-M2","SIM-S0185","ADDITIVE","ADDITIVE-LOT-31","10","kg","2026-09-04T17:35:00Z","SYNTHETIC"
"SIM-S0185-M3","SIM-S0185","DIW","DIW-LOT-31","890","kg","2026-09-04T17:35:00Z","SYNTHETIC"
"SIM-S0186-M1","SIM-S0186","SILICA","SILICA-LOT-31","100","kg","2026-09-04T17:35:00Z","SYNTHETIC"
"SIM-S0186-M2","SIM-S0186","ADDITIVE","ADDITIVE-LOT-31","10","kg","2026-09-04T17:35:00Z","SYNTHETIC"
"SIM-S0186-M3","SIM-S0186","DIW","DIW-LOT-31","890","kg","2026-09-04T17:35:00Z","SYNTHETIC"
"SIM-S0187-M1","SIM-S0187","SILICA","SILICA-LOT-32","100","kg","2026-09-04T19:05:00Z","SYNTHETIC"
"SIM-S0187-M2","SIM-S0187","ADDITIVE","ADDITIVE-LOT-32","10","kg","2026-09-04T19:05:00Z","SYNTHETIC"
"SIM-S0187-M3","SIM-S0187","DIW","DIW-LOT-32","890","kg","2026-09-04T19:05:00Z","SYNTHETIC"
"SIM-S0188-M1","SIM-S0188","SILICA","SILICA-LOT-32","100","kg","2026-09-04T19:05:00Z","SYNTHETIC"
"SIM-S0188-M2","SIM-S0188","ADDITIVE","ADDITIVE-LOT-32","10","kg","2026-09-04T19:05:00Z","SYNTHETIC"
"SIM-S0188-M3","SIM-S0188","DIW","DIW-LOT-32","890","kg","2026-09-04T19:05:00Z","SYNTHETIC"
"SIM-S0189-M1","SIM-S0189","SILICA","SILICA-LOT-32","100","kg","2026-09-04T19:05:00Z","SYNTHETIC"
"SIM-S0189-M2","SIM-S0189","ADDITIVE","ADDITIVE-LOT-32","10","kg","2026-09-04T19:05:00Z","SYNTHETIC"
"SIM-S0189-M3","SIM-S0189","DIW","DIW-LOT-32","890","kg","2026-09-04T19:05:00Z","SYNTHETIC"
"SIM-S0190-M1","SIM-S0190","SILICA","SILICA-LOT-32","100","kg","2026-09-04T20:35:00Z","SYNTHETIC"
"SIM-S0190-M2","SIM-S0190","ADDITIVE","ADDITIVE-LOT-32","10","kg","2026-09-04T20:35:00Z","SYNTHETIC"
"SIM-S0190-M3","SIM-S0190","DIW","DIW-LOT-32","890","kg","2026-09-04T20:35:00Z","SYNTHETIC"
"SIM-S0191-M1","SIM-S0191","SILICA","SILICA-LOT-32","100","kg","2026-09-04T20:35:00Z","SYNTHETIC"
"SIM-S0191-M2","SIM-S0191","ADDITIVE","ADDITIVE-LOT-32","10","kg","2026-09-04T20:35:00Z","SYNTHETIC"
"SIM-S0191-M3","SIM-S0191","DIW","DIW-LOT-32","890","kg","2026-09-04T20:35:00Z","SYNTHETIC"
"SIM-S0192-M1","SIM-S0192","SILICA","SILICA-LOT-32","100","kg","2026-09-04T20:35:00Z","SYNTHETIC"
"SIM-S0192-M2","SIM-S0192","ADDITIVE","ADDITIVE-LOT-32","10","kg","2026-09-04T20:35:00Z","SYNTHETIC"
"SIM-S0192-M3","SIM-S0192","DIW","DIW-LOT-32","890","kg","2026-09-04T20:35:00Z","SYNTHETIC"
"SIM-S0193-M1","SIM-S0193","SILICA","SILICA-LOT-33","100","kg","2026-09-04T22:05:00Z","SYNTHETIC"
"SIM-S0193-M2","SIM-S0193","ADDITIVE","ADDITIVE-LOT-33","10","kg","2026-09-04T22:05:00Z","SYNTHETIC"
"SIM-S0193-M3","SIM-S0193","DIW","DIW-LOT-33","890","kg","2026-09-04T22:05:00Z","SYNTHETIC"
"SIM-S0194-M1","SIM-S0194","SILICA","SILICA-LOT-33","100","kg","2026-09-04T22:05:00Z","SYNTHETIC"
"SIM-S0194-M2","SIM-S0194","ADDITIVE","ADDITIVE-LOT-33","10","kg","2026-09-04T22:05:00Z","SYNTHETIC"
"SIM-S0194-M3","SIM-S0194","DIW","DIW-LOT-33","890","kg","2026-09-04T22:05:00Z","SYNTHETIC"
"SIM-S0195-M1","SIM-S0195","SILICA","SILICA-LOT-33","100","kg","2026-09-04T22:05:00Z","SYNTHETIC"
"SIM-S0195-M2","SIM-S0195","ADDITIVE","ADDITIVE-LOT-33","10","kg","2026-09-04T22:05:00Z","SYNTHETIC"
"SIM-S0195-M3","SIM-S0195","DIW","DIW-LOT-33","890","kg","2026-09-04T22:05:00Z","SYNTHETIC"
"SIM-S0196-M1","SIM-S0196","SILICA","SILICA-LOT-33","100","kg","2026-09-04T23:35:00Z","SYNTHETIC"
"SIM-S0196-M2","SIM-S0196","ADDITIVE","ADDITIVE-LOT-33","10","kg","2026-09-04T23:35:00Z","SYNTHETIC"
"SIM-S0196-M3","SIM-S0196","DIW","DIW-LOT-33","890","kg","2026-09-04T23:35:00Z","SYNTHETIC"
"SIM-S0197-M1","SIM-S0197","SILICA","SILICA-LOT-33","100","kg","2026-09-04T23:35:00Z","SYNTHETIC"
"SIM-S0197-M2","SIM-S0197","ADDITIVE","ADDITIVE-LOT-33","10","kg","2026-09-04T23:35:00Z","SYNTHETIC"
"SIM-S0197-M3","SIM-S0197","DIW","DIW-LOT-33","890","kg","2026-09-04T23:35:00Z","SYNTHETIC"
"SIM-S0198-M1","SIM-S0198","SILICA","SILICA-LOT-33","100","kg","2026-09-04T23:35:00Z","SYNTHETIC"
"SIM-S0198-M2","SIM-S0198","ADDITIVE","ADDITIVE-LOT-33","10","kg","2026-09-04T23:35:00Z","SYNTHETIC"
"SIM-S0198-M3","SIM-S0198","DIW","DIW-LOT-33","890","kg","2026-09-04T23:35:00Z","SYNTHETIC"
"SIM-S0199-M1","SIM-S0199","SILICA","SILICA-LOT-34","100","kg","2026-09-05T01:05:00Z","SYNTHETIC"
"SIM-S0199-M2","SIM-S0199","ADDITIVE","ADDITIVE-LOT-34","10","kg","2026-09-05T01:05:00Z","SYNTHETIC"
"SIM-S0199-M3","SIM-S0199","DIW","DIW-LOT-34","890","kg","2026-09-05T01:05:00Z","SYNTHETIC"
"SIM-S0200-M1","SIM-S0200","SILICA","SILICA-LOT-34","100","kg","2026-09-05T01:05:00Z","SYNTHETIC"
"SIM-S0200-M2","SIM-S0200","ADDITIVE","ADDITIVE-LOT-34","10","kg","2026-09-05T01:05:00Z","SYNTHETIC"
"SIM-S0200-M3","SIM-S0200","DIW","DIW-LOT-34","890","kg","2026-09-05T01:05:00Z","SYNTHETIC"
"SIM-S0201-M1","SIM-S0201","SILICA","SILICA-LOT-34","100","kg","2026-09-05T01:05:00Z","SYNTHETIC"
"SIM-S0201-M2","SIM-S0201","ADDITIVE","ADDITIVE-LOT-34","10","kg","2026-09-05T01:05:00Z","SYNTHETIC"
"SIM-S0201-M3","SIM-S0201","DIW","DIW-LOT-34","890","kg","2026-09-05T01:05:00Z","SYNTHETIC"
"SIM-S0202-M1","SIM-S0202","SILICA","SILICA-LOT-34","100","kg","2026-09-05T02:35:00Z","SYNTHETIC"
"SIM-S0202-M2","SIM-S0202","ADDITIVE","ADDITIVE-LOT-34","10","kg","2026-09-05T02:35:00Z","SYNTHETIC"
"SIM-S0202-M3","SIM-S0202","DIW","DIW-LOT-34","890","kg","2026-09-05T02:35:00Z","SYNTHETIC"
"SIM-S0203-M1","SIM-S0203","SILICA","SILICA-LOT-34","100","kg","2026-09-05T02:35:00Z","SYNTHETIC"
"SIM-S0203-M2","SIM-S0203","ADDITIVE","ADDITIVE-LOT-34","10","kg","2026-09-05T02:35:00Z","SYNTHETIC"
"SIM-S0203-M3","SIM-S0203","DIW","DIW-LOT-34","890","kg","2026-09-05T02:35:00Z","SYNTHETIC"
"SIM-S0204-M1","SIM-S0204","SILICA","SILICA-LOT-34","100","kg","2026-09-05T02:35:00Z","SYNTHETIC"
"SIM-S0204-M2","SIM-S0204","ADDITIVE","ADDITIVE-LOT-34","10","kg","2026-09-05T02:35:00Z","SYNTHETIC"
"SIM-S0204-M3","SIM-S0204","DIW","DIW-LOT-34","890","kg","2026-09-05T02:35:00Z","SYNTHETIC"
"SIM-S0205-M1","SIM-S0205","SILICA","SILICA-LOT-35","100","kg","2026-09-05T04:05:00Z","SYNTHETIC"
"SIM-S0205-M2","SIM-S0205","ADDITIVE","ADDITIVE-LOT-35","10","kg","2026-09-05T04:05:00Z","SYNTHETIC"
"SIM-S0205-M3","SIM-S0205","DIW","DIW-LOT-35","890","kg","2026-09-05T04:05:00Z","SYNTHETIC"
"SIM-S0206-M1","SIM-S0206","SILICA","SILICA-LOT-35","100","kg","2026-09-05T04:05:00Z","SYNTHETIC"
"SIM-S0206-M2","SIM-S0206","ADDITIVE","ADDITIVE-LOT-35","10","kg","2026-09-05T04:05:00Z","SYNTHETIC"
"SIM-S0206-M3","SIM-S0206","DIW","DIW-LOT-35","890","kg","2026-09-05T04:05:00Z","SYNTHETIC"
"SIM-S0207-M1","SIM-S0207","SILICA","SILICA-LOT-35","100","kg","2026-09-05T04:05:00Z","SYNTHETIC"
"SIM-S0207-M2","SIM-S0207","ADDITIVE","ADDITIVE-LOT-35","10","kg","2026-09-05T04:05:00Z","SYNTHETIC"
"SIM-S0207-M3","SIM-S0207","DIW","DIW-LOT-35","890","kg","2026-09-05T04:05:00Z","SYNTHETIC"
"SIM-S0208-M1","SIM-S0208","SILICA","SILICA-LOT-35","100","kg","2026-09-05T05:35:00Z","SYNTHETIC"
"SIM-S0208-M2","SIM-S0208","ADDITIVE","ADDITIVE-LOT-35","10","kg","2026-09-05T05:35:00Z","SYNTHETIC"
"SIM-S0208-M3","SIM-S0208","DIW","DIW-LOT-35","890","kg","2026-09-05T05:35:00Z","SYNTHETIC"
"SIM-S0209-M1","SIM-S0209","SILICA","SILICA-LOT-35","100","kg","2026-09-05T05:35:00Z","SYNTHETIC"
"SIM-S0209-M2","SIM-S0209","ADDITIVE","ADDITIVE-LOT-35","10","kg","2026-09-05T05:35:00Z","SYNTHETIC"
"SIM-S0209-M3","SIM-S0209","DIW","DIW-LOT-35","890","kg","2026-09-05T05:35:00Z","SYNTHETIC"
"SIM-S0210-M1","SIM-S0210","SILICA","SILICA-LOT-35","100","kg","2026-09-05T05:35:00Z","SYNTHETIC"
"SIM-S0210-M2","SIM-S0210","ADDITIVE","ADDITIVE-LOT-35","10","kg","2026-09-05T05:35:00Z","SYNTHETIC"
"SIM-S0210-M3","SIM-S0210","DIW","DIW-LOT-35","890","kg","2026-09-05T05:35:00Z","SYNTHETIC"
"SIM-S0211-M1","SIM-S0211","SILICA","SILICA-LOT-36","100","kg","2026-09-05T07:05:00Z","SYNTHETIC"
"SIM-S0211-M2","SIM-S0211","ADDITIVE","ADDITIVE-LOT-36","10","kg","2026-09-05T07:05:00Z","SYNTHETIC"
"SIM-S0211-M3","SIM-S0211","DIW","DIW-LOT-36","890","kg","2026-09-05T07:05:00Z","SYNTHETIC"
"SIM-S0212-M1","SIM-S0212","SILICA","SILICA-LOT-36","100","kg","2026-09-05T07:05:00Z","SYNTHETIC"
"SIM-S0212-M2","SIM-S0212","ADDITIVE","ADDITIVE-LOT-36","10","kg","2026-09-05T07:05:00Z","SYNTHETIC"
"SIM-S0212-M3","SIM-S0212","DIW","DIW-LOT-36","890","kg","2026-09-05T07:05:00Z","SYNTHETIC"
"SIM-S0213-M1","SIM-S0213","SILICA","SILICA-LOT-36","100","kg","2026-09-05T07:05:00Z","SYNTHETIC"
"SIM-S0213-M2","SIM-S0213","ADDITIVE","ADDITIVE-LOT-36","10","kg","2026-09-05T07:05:00Z","SYNTHETIC"
"SIM-S0213-M3","SIM-S0213","DIW","DIW-LOT-36","890","kg","2026-09-05T07:05:00Z","SYNTHETIC"
"SIM-S0214-M1","SIM-S0214","SILICA","SILICA-LOT-36","100","kg","2026-09-05T08:35:00Z","SYNTHETIC"
"SIM-S0214-M2","SIM-S0214","ADDITIVE","ADDITIVE-LOT-36","10","kg","2026-09-05T08:35:00Z","SYNTHETIC"
"SIM-S0214-M3","SIM-S0214","DIW","DIW-LOT-36","890","kg","2026-09-05T08:35:00Z","SYNTHETIC"
"SIM-S0215-M1","SIM-S0215","SILICA","SILICA-LOT-36","100","kg","2026-09-05T08:35:00Z","SYNTHETIC"
"SIM-S0215-M2","SIM-S0215","ADDITIVE","ADDITIVE-LOT-36","10","kg","2026-09-05T08:35:00Z","SYNTHETIC"
"SIM-S0215-M3","SIM-S0215","DIW","DIW-LOT-36","890","kg","2026-09-05T08:35:00Z","SYNTHETIC"
"SIM-S0216-M1","SIM-S0216","SILICA","SILICA-LOT-36","100","kg","2026-09-05T08:35:00Z","SYNTHETIC"
"SIM-S0216-M2","SIM-S0216","ADDITIVE","ADDITIVE-LOT-36","10","kg","2026-09-05T08:35:00Z","SYNTHETIC"
"SIM-S0216-M3","SIM-S0216","DIW","DIW-LOT-36","890","kg","2026-09-05T08:35:00Z","SYNTHETIC"
"SIM-S0217-M1","SIM-S0217","SILICA","SILICA-LOT-37","100","kg","2026-09-05T10:05:00Z","SYNTHETIC"
"SIM-S0217-M2","SIM-S0217","ADDITIVE","ADDITIVE-LOT-37","10","kg","2026-09-05T10:05:00Z","SYNTHETIC"
"SIM-S0217-M3","SIM-S0217","DIW","DIW-LOT-37","890","kg","2026-09-05T10:05:00Z","SYNTHETIC"
"SIM-S0218-M1","SIM-S0218","SILICA","SILICA-LOT-37","100","kg","2026-09-05T10:05:00Z","SYNTHETIC"
"SIM-S0218-M2","SIM-S0218","ADDITIVE","ADDITIVE-LOT-37","10","kg","2026-09-05T10:05:00Z","SYNTHETIC"
"SIM-S0218-M3","SIM-S0218","DIW","DIW-LOT-37","890","kg","2026-09-05T10:05:00Z","SYNTHETIC"
"SIM-S0219-M1","SIM-S0219","SILICA","SILICA-LOT-37","100","kg","2026-09-05T10:05:00Z","SYNTHETIC"
"SIM-S0219-M2","SIM-S0219","ADDITIVE","ADDITIVE-LOT-37","10","kg","2026-09-05T10:05:00Z","SYNTHETIC"
"SIM-S0219-M3","SIM-S0219","DIW","DIW-LOT-37","890","kg","2026-09-05T10:05:00Z","SYNTHETIC"
"SIM-S0220-M1","SIM-S0220","SILICA","SILICA-LOT-37","100","kg","2026-09-05T11:35:00Z","SYNTHETIC"
"SIM-S0220-M2","SIM-S0220","ADDITIVE","ADDITIVE-LOT-37","10","kg","2026-09-05T11:35:00Z","SYNTHETIC"
"SIM-S0220-M3","SIM-S0220","DIW","DIW-LOT-37","890","kg","2026-09-05T11:35:00Z","SYNTHETIC"
"SIM-S0221-M1","SIM-S0221","SILICA","SILICA-LOT-37","100","kg","2026-09-05T11:35:00Z","SYNTHETIC"
"SIM-S0221-M2","SIM-S0221","ADDITIVE","ADDITIVE-LOT-37","10","kg","2026-09-05T11:35:00Z","SYNTHETIC"
"SIM-S0221-M3","SIM-S0221","DIW","DIW-LOT-37","890","kg","2026-09-05T11:35:00Z","SYNTHETIC"
"SIM-S0222-M1","SIM-S0222","SILICA","SILICA-LOT-37","100","kg","2026-09-05T11:35:00Z","SYNTHETIC"
"SIM-S0222-M2","SIM-S0222","ADDITIVE","ADDITIVE-LOT-37","10","kg","2026-09-05T11:35:00Z","SYNTHETIC"
"SIM-S0222-M3","SIM-S0222","DIW","DIW-LOT-37","890","kg","2026-09-05T11:35:00Z","SYNTHETIC"
"SIM-S0223-M1","SIM-S0223","SILICA","SILICA-LOT-38","100","kg","2026-09-05T13:05:00Z","SYNTHETIC"
"SIM-S0223-M2","SIM-S0223","ADDITIVE","ADDITIVE-LOT-38","10","kg","2026-09-05T13:05:00Z","SYNTHETIC"
"SIM-S0223-M3","SIM-S0223","DIW","DIW-LOT-38","890","kg","2026-09-05T13:05:00Z","SYNTHETIC"
"SIM-S0224-M1","SIM-S0224","SILICA","SILICA-LOT-38","100","kg","2026-09-05T13:05:00Z","SYNTHETIC"
"SIM-S0224-M2","SIM-S0224","ADDITIVE","ADDITIVE-LOT-38","10","kg","2026-09-05T13:05:00Z","SYNTHETIC"
"SIM-S0224-M3","SIM-S0224","DIW","DIW-LOT-38","890","kg","2026-09-05T13:05:00Z","SYNTHETIC"
"SIM-S0225-M1","SIM-S0225","SILICA","SILICA-LOT-38","100","kg","2026-09-05T13:05:00Z","SYNTHETIC"
"SIM-S0225-M2","SIM-S0225","ADDITIVE","ADDITIVE-LOT-38","10","kg","2026-09-05T13:05:00Z","SYNTHETIC"
"SIM-S0225-M3","SIM-S0225","DIW","DIW-LOT-38","890","kg","2026-09-05T13:05:00Z","SYNTHETIC"
"SIM-S0226-M1","SIM-S0226","SILICA","SILICA-LOT-38","100","kg","2026-09-05T14:35:00Z","SYNTHETIC"
"SIM-S0226-M2","SIM-S0226","ADDITIVE","ADDITIVE-LOT-38","10","kg","2026-09-05T14:35:00Z","SYNTHETIC"
"SIM-S0226-M3","SIM-S0226","DIW","DIW-LOT-38","890","kg","2026-09-05T14:35:00Z","SYNTHETIC"
"SIM-S0227-M1","SIM-S0227","SILICA","SILICA-LOT-38","100","kg","2026-09-05T14:35:00Z","SYNTHETIC"
"SIM-S0227-M2","SIM-S0227","ADDITIVE","ADDITIVE-LOT-38","10","kg","2026-09-05T14:35:00Z","SYNTHETIC"
"SIM-S0227-M3","SIM-S0227","DIW","DIW-LOT-38","890","kg","2026-09-05T14:35:00Z","SYNTHETIC"
"SIM-S0228-M1","SIM-S0228","SILICA","SILICA-LOT-38","100","kg","2026-09-05T14:35:00Z","SYNTHETIC"
"SIM-S0228-M2","SIM-S0228","ADDITIVE","ADDITIVE-LOT-38","10","kg","2026-09-05T14:35:00Z","SYNTHETIC"
"SIM-S0228-M3","SIM-S0228","DIW","DIW-LOT-38","890","kg","2026-09-05T14:35:00Z","SYNTHETIC"
"SIM-S0229-M1","SIM-S0229","SILICA","SILICA-LOT-39","100","kg","2026-09-05T16:05:00Z","SYNTHETIC"
"SIM-S0229-M2","SIM-S0229","ADDITIVE","ADDITIVE-LOT-39","10","kg","2026-09-05T16:05:00Z","SYNTHETIC"
"SIM-S0229-M3","SIM-S0229","DIW","DIW-LOT-39","890","kg","2026-09-05T16:05:00Z","SYNTHETIC"
"SIM-S0230-M1","SIM-S0230","SILICA","SILICA-LOT-39","100","kg","2026-09-05T16:05:00Z","SYNTHETIC"
"SIM-S0230-M2","SIM-S0230","ADDITIVE","ADDITIVE-LOT-39","10","kg","2026-09-05T16:05:00Z","SYNTHETIC"
"SIM-S0230-M3","SIM-S0230","DIW","DIW-LOT-39","890","kg","2026-09-05T16:05:00Z","SYNTHETIC"
"SIM-S0231-M1","SIM-S0231","SILICA","SILICA-LOT-39","100","kg","2026-09-05T16:05:00Z","SYNTHETIC"
"SIM-S0231-M2","SIM-S0231","ADDITIVE","ADDITIVE-LOT-39","10","kg","2026-09-05T16:05:00Z","SYNTHETIC"
"SIM-S0231-M3","SIM-S0231","DIW","DIW-LOT-39","890","kg","2026-09-05T16:05:00Z","SYNTHETIC"
"SIM-S0232-M1","SIM-S0232","SILICA","SILICA-LOT-39","100","kg","2026-09-05T17:35:00Z","SYNTHETIC"
"SIM-S0232-M2","SIM-S0232","ADDITIVE","ADDITIVE-LOT-39","10","kg","2026-09-05T17:35:00Z","SYNTHETIC"
"SIM-S0232-M3","SIM-S0232","DIW","DIW-LOT-39","890","kg","2026-09-05T17:35:00Z","SYNTHETIC"
"SIM-S0233-M1","SIM-S0233","SILICA","SILICA-LOT-39","100","kg","2026-09-05T17:35:00Z","SYNTHETIC"
"SIM-S0233-M2","SIM-S0233","ADDITIVE","ADDITIVE-LOT-39","10","kg","2026-09-05T17:35:00Z","SYNTHETIC"
"SIM-S0233-M3","SIM-S0233","DIW","DIW-LOT-39","890","kg","2026-09-05T17:35:00Z","SYNTHETIC"
"SIM-S0234-M1","SIM-S0234","SILICA","SILICA-LOT-39","100","kg","2026-09-05T17:35:00Z","SYNTHETIC"
"SIM-S0234-M2","SIM-S0234","ADDITIVE","ADDITIVE-LOT-39","10","kg","2026-09-05T17:35:00Z","SYNTHETIC"
"SIM-S0234-M3","SIM-S0234","DIW","DIW-LOT-39","890","kg","2026-09-05T17:35:00Z","SYNTHETIC"
"SIM-S0235-M1","SIM-S0235","SILICA","SILICA-LOT-40","100","kg","2026-09-05T19:05:00Z","SYNTHETIC"
"SIM-S0235-M2","SIM-S0235","ADDITIVE","ADDITIVE-LOT-40","10","kg","2026-09-05T19:05:00Z","SYNTHETIC"
"SIM-S0235-M3","SIM-S0235","DIW","DIW-LOT-40","890","kg","2026-09-05T19:05:00Z","SYNTHETIC"
"SIM-S0236-M1","SIM-S0236","SILICA","SILICA-LOT-40","100","kg","2026-09-05T19:05:00Z","SYNTHETIC"
"SIM-S0236-M2","SIM-S0236","ADDITIVE","ADDITIVE-LOT-40","10","kg","2026-09-05T19:05:00Z","SYNTHETIC"
"SIM-S0236-M3","SIM-S0236","DIW","DIW-LOT-40","890","kg","2026-09-05T19:05:00Z","SYNTHETIC"
"SIM-S0237-M1","SIM-S0237","SILICA","SILICA-LOT-40","100","kg","2026-09-05T19:05:00Z","SYNTHETIC"
"SIM-S0237-M2","SIM-S0237","ADDITIVE","ADDITIVE-LOT-40","10","kg","2026-09-05T19:05:00Z","SYNTHETIC"
"SIM-S0237-M3","SIM-S0237","DIW","DIW-LOT-40","890","kg","2026-09-05T19:05:00Z","SYNTHETIC"
"SIM-S0238-M1","SIM-S0238","SILICA","SILICA-LOT-40","100","kg","2026-09-05T20:35:00Z","SYNTHETIC"
"SIM-S0238-M2","SIM-S0238","ADDITIVE","ADDITIVE-LOT-40","10","kg","2026-09-05T20:35:00Z","SYNTHETIC"
"SIM-S0238-M3","SIM-S0238","DIW","DIW-LOT-40","890","kg","2026-09-05T20:35:00Z","SYNTHETIC"
"SIM-S0239-M1","SIM-S0239","SILICA","SILICA-LOT-40","100","kg","2026-09-05T20:35:00Z","SYNTHETIC"
"SIM-S0239-M2","SIM-S0239","ADDITIVE","ADDITIVE-LOT-40","10","kg","2026-09-05T20:35:00Z","SYNTHETIC"
"SIM-S0239-M3","SIM-S0239","DIW","DIW-LOT-40","890","kg","2026-09-05T20:35:00Z","SYNTHETIC"
"SIM-S0240-M1","SIM-S0240","SILICA","SILICA-LOT-40","100","kg","2026-09-05T20:35:00Z","SYNTHETIC"
"SIM-S0240-M2","SIM-S0240","ADDITIVE","ADDITIVE-LOT-40","10","kg","2026-09-05T20:35:00Z","SYNTHETIC"
"SIM-S0240-M3","SIM-S0240","DIW","DIW-LOT-40","890","kg","2026-09-05T20:35:00Z","SYNTHETIC"